model_name,feature_name,rep_idx,baseline_auc,permuted_auc,auc_drop
logistic,gamma_CP_rx1,1,0.91390306122449,0.90656887755102,0.00733418367346939
rf,gamma_CP_rx1,1,0.90625,0.906728316326531,-0.000478316326530503
logistic,gamma_CP_rx2,1,0.91390306122449,0.872448979591837,0.041454081632653
rf,gamma_CP_rx2,1,0.90625,0.850446428571429,0.0558035714285714
logistic,a_FP_RHCP_rx1,1,0.91390306122449,0.904655612244898,0.00924744897959173
rf,a_FP_RHCP_rx1,1,0.90625,0.904815051020408,0.00143494897959195
logistic,a_FP_LHCP_rx1,1,0.91390306122449,0.827487244897959,0.0864158163265304
rf,a_FP_LHCP_rx1,1,0.90625,0.89811862244898,0.00813137755102045
logistic,a_FP_RHCP_rx2,1,0.91390306122449,0.916454081632653,-0.00255102040816335
rf,a_FP_RHCP_rx2,1,0.90625,0.901147959183673,0.0051020408163267
logistic,a_FP_LHCP_rx2,1,0.91390306122449,0.922512755102041,-0.00860969387755106
rf,a_FP_LHCP_rx2,1,0.90625,0.909119897959184,-0.00286989795918369
logistic,gamma_CP_rx1,2,0.91390306122449,0.926658163265306,-0.0127551020408163
rf,gamma_CP_rx1,2,0.90625,0.90625,2.22044604925031e-16
logistic,gamma_CP_rx2,2,0.91390306122449,0.871173469387755,0.0427295918367346
rf,gamma_CP_rx2,2,0.90625,0.838647959183674,0.0676020408163265
logistic,a_FP_RHCP_rx1,2,0.91390306122449,0.89859693877551,0.0153061224489796
rf,a_FP_RHCP_rx1,2,0.90625,0.907684948979592,-0.00143494897959162
logistic,a_FP_LHCP_rx1,2,0.91390306122449,0.83609693877551,0.0778061224489794
rf,a_FP_LHCP_rx1,2,0.90625,0.90640943877551,-0.000159438775510057
logistic,a_FP_RHCP_rx2,2,0.91390306122449,0.913584183673469,0.000318877551020447
rf,a_FP_RHCP_rx2,2,0.90625,0.904974489795918,0.00127551020408179
logistic,a_FP_LHCP_rx2,2,0.91390306122449,0.916135204081633,-0.00223214285714302
rf,a_FP_LHCP_rx2,2,0.90625,0.878826530612245,0.0274234693877553
logistic,gamma_CP_rx1,3,0.91390306122449,0.916135204081633,-0.0022321428571429
rf,gamma_CP_rx1,3,0.90625,0.909438775510204,-0.0031887755102038
logistic,gamma_CP_rx2,3,0.91390306122449,0.885841836734694,0.0280612244897959
rf,gamma_CP_rx2,3,0.90625,0.839764030612245,0.0664859693877552
logistic,a_FP_RHCP_rx1,3,0.91390306122449,0.915816326530612,-0.00191326530612235
rf,a_FP_RHCP_rx1,3,0.90625,0.903061224489796,0.00318877551020424
logistic,a_FP_LHCP_rx1,3,0.91390306122449,0.842793367346939,0.071109693877551
rf,a_FP_LHCP_rx1,3,0.90625,0.912468112244898,-0.00621811224489788
logistic,a_FP_RHCP_rx2,3,0.91390306122449,0.914540816326531,-0.000637755102040893
rf,a_FP_RHCP_rx2,3,0.90625,0.908322704081633,-0.00207270408163251
logistic,a_FP_LHCP_rx2,3,0.91390306122449,0.903380102040816,0.0105229591836734
rf,a_FP_LHCP_rx2,3,0.90625,0.905133928571428,0.00111607142857162
logistic,gamma_CP_rx1,4,0.91390306122449,0.902423469387755,0.0114795918367346
rf,gamma_CP_rx1,4,0.90625,0.905612244897959,0.000637755102041004
logistic,gamma_CP_rx2,4,0.91390306122449,0.876275510204082,0.0376275510204078
rf,gamma_CP_rx2,4,0.90625,0.859056122448979,0.0471938775510206
logistic,a_FP_RHCP_rx1,4,0.91390306122449,0.881058673469387,0.0328443877551021
rf,a_FP_RHCP_rx1,4,0.90625,0.90672831632653,-0.000478316326530281
logistic,a_FP_LHCP_rx1,4,0.91390306122449,0.848533163265306,0.0653698979591836
rf,a_FP_LHCP_rx1,4,0.90625,0.895248724489796,0.0110012755102042
logistic,a_FP_RHCP_rx2,4,0.91390306122449,0.913584183673469,0.000318877551020336
rf,a_FP_RHCP_rx2,4,0.90625,0.905293367346939,0.000956632653061451
logistic,a_FP_LHCP_rx2,4,0.91390306122449,0.909119897959184,0.00478316326530603
rf,a_FP_LHCP_rx2,4,0.90625,0.884088010204081,0.0221619897959185
logistic,gamma_CP_rx1,5,0.91390306122449,0.913584183673469,0.000318877551020336
rf,gamma_CP_rx1,5,0.90625,0.914859693877551,-0.00860969387755084
logistic,gamma_CP_rx2,5,0.91390306122449,0.902104591836735,0.011798469387755
rf,gamma_CP_rx2,5,0.90625,0.864636479591837,0.0416135204081634
logistic,a_FP_RHCP_rx1,5,0.91390306122449,0.893494897959184,0.020408163265306
rf,a_FP_RHCP_rx1,5,0.90625,0.911033163265306,-0.00478316326530615
logistic,a_FP_LHCP_rx1,5,0.91390306122449,0.846938775510204,0.0669642857142855
rf,a_FP_LHCP_rx1,5,0.90625,0.913265306122449,-0.00701530612244905
logistic,a_FP_RHCP_rx2,5,0.91390306122449,0.919005102040816,-0.00510204081632648
rf,a_FP_RHCP_rx2,5,0.90625,0.905612244897959,0.000637755102040893
logistic,a_FP_LHCP_rx2,5,0.91390306122449,0.911033163265306,0.00286989795918347
rf,a_FP_LHCP_rx2,5,0.90625,0.883609693877551,0.022640306122449
logistic,gamma_CP_rx1,6,0.91390306122449,0.912946428571428,0.000956632653061229
rf,gamma_CP_rx1,6,0.90625,0.916772959183673,-0.0105229591836734
logistic,gamma_CP_rx2,6,0.91390306122449,0.862563775510204,0.0513392857142855
rf,gamma_CP_rx2,6,0.90625,0.852200255102041,0.0540497448979592
logistic,a_FP_RHCP_rx1,6,0.91390306122449,0.899872448979592,0.0140306122448979
rf,a_FP_RHCP_rx1,6,0.90625,0.907206632653061,-0.000956632653061007
logistic,a_FP_LHCP_rx1,6,0.91390306122449,0.808035714285714,0.105867346938775
rf,a_FP_LHCP_rx1,6,0.90625,0.900829081632653,0.00542091836734715
logistic,a_FP_RHCP_rx2,6,0.91390306122449,0.910714285714286,0.00318877551020402
rf,a_FP_RHCP_rx2,6,0.90625,0.904336734693877,0.00191326530612257
logistic,a_FP_LHCP_rx2,6,0.91390306122449,0.916135204081633,-0.00223214285714302
rf,a_FP_LHCP_rx2,6,0.90625,0.895408163265306,0.0108418367346939
logistic,gamma_CP_rx1,7,0.91390306122449,0.890306122448979,0.0235969387755103
rf,gamma_CP_rx1,7,0.90625,0.901147959183673,0.0051020408163267
logistic,gamma_CP_rx2,7,0.91390306122449,0.857461734693877,0.0564413265306123
rf,gamma_CP_rx2,7,0.90625,0.852359693877551,0.0538903061224489
logistic,a_FP_RHCP_rx1,7,0.91390306122449,0.899553571428571,0.0143494897959184
rf,a_FP_RHCP_rx1,7,0.90625,0.904974489795918,0.00127551020408179
logistic,a_FP_LHCP_rx1,7,0.91390306122449,0.84375,0.0701530612244897
rf,a_FP_LHCP_rx1,7,0.90625,0.915338010204082,-0.00908801020408168
logistic,a_FP_RHCP_rx2,7,0.91390306122449,0.916772959183673,-0.00286989795918369
rf,a_FP_RHCP_rx2,7,0.90625,0.90609056122449,0.00015943877551039
logistic,a_FP_LHCP_rx2,7,0.91390306122449,0.905293367346939,0.00860969387755095
rf,a_FP_LHCP_rx2,7,0.90625,0.865433673469388,0.0408163265306123
logistic,gamma_CP_rx1,8,0.91390306122449,0.889668367346939,0.0242346938775508
rf,gamma_CP_rx1,8,0.90625,0.912946428571428,-0.00669642857142849
logistic,gamma_CP_rx2,8,0.91390306122449,0.877869897959183,0.0360331632653061
rf,gamma_CP_rx2,8,0.90625,0.844547193877551,0.061702806122449
logistic,a_FP_RHCP_rx1,8,0.91390306122449,0.90656887755102,0.00733418367346927
rf,a_FP_RHCP_rx1,8,0.90625,0.902901785714286,0.00334821428571441
logistic,a_FP_LHCP_rx1,8,0.91390306122449,0.854272959183673,0.0596301020408162
rf,a_FP_LHCP_rx1,8,0.90625,0.905133928571429,0.0011160714285714
logistic,a_FP_RHCP_rx2,8,0.91390306122449,0.915178571428571,-0.00127551020408179
rf,a_FP_RHCP_rx2,8,0.90625,0.905452806122449,0.000797193877551172
logistic,a_FP_LHCP_rx2,8,0.91390306122449,0.908801020408163,0.00510204081632648
rf,a_FP_LHCP_rx2,8,0.90625,0.892857142857143,0.0133928571428572
logistic,gamma_CP_rx1,9,0.91390306122449,0.90625,0.00765306122448972
rf,gamma_CP_rx1,9,0.90625,0.911192602040816,-0.0049426020408162
logistic,gamma_CP_rx2,9,0.91390306122449,0.882015306122449,0.0318877551020407
rf,gamma_CP_rx2,9,0.90625,0.863839285714286,0.0424107142857144
logistic,a_FP_RHCP_rx1,9,0.91390306122449,0.904017857142857,0.00988520408163274
rf,a_FP_RHCP_rx1,9,0.90625,0.907047193877551,-0.00079719387755095
logistic,a_FP_LHCP_rx1,9,0.91390306122449,0.845982142857143,0.0679209183673468
rf,a_FP_LHCP_rx1,9,0.90625,0.896683673469388,0.0095663265306124
logistic,a_FP_RHCP_rx2,9,0.91390306122449,0.918367346938775,-0.00446428571428581
rf,a_FP_RHCP_rx2,9,0.90625,0.906887755102041,-0.000637755102040782
logistic,a_FP_LHCP_rx2,9,0.91390306122449,0.919961734693877,-0.00605867346938782
rf,a_FP_LHCP_rx2,9,0.90625,0.887914540816326,0.0183354591836737
logistic,gamma_CP_rx1,10,0.91390306122449,0.914859693877551,-0.000956632653061229
rf,gamma_CP_rx1,10,0.90625,0.903061224489796,0.00318877551020424
logistic,gamma_CP_rx2,10,0.91390306122449,0.890306122448979,0.0235969387755102
rf,gamma_CP_rx2,10,0.90625,0.857780612244898,0.0484693877551019
logistic,a_FP_RHCP_rx1,10,0.91390306122449,0.903061224489796,0.0108418367346939
rf,a_FP_RHCP_rx1,10,0.90625,0.905931122448979,0.000318877551020558
logistic,a_FP_LHCP_rx1,10,0.91390306122449,0.808673469387755,0.105229591836735
rf,a_FP_LHCP_rx1,10,0.90625,0.901147959183673,0.0051020408163267
logistic,a_FP_RHCP_rx2,10,0.91390306122449,0.914859693877551,-0.000956632653061229
rf,a_FP_RHCP_rx2,10,0.90625,0.903380102040816,0.00286989795918391
logistic,a_FP_LHCP_rx2,10,0.91390306122449,0.905612244897959,0.0082908163265305
rf,a_FP_LHCP_rx2,10,0.90625,0.914859693877551,-0.00860969387755084
logistic,gamma_CP_rx1,11,0.91390306122449,0.908801020408163,0.00510204081632648
rf,gamma_CP_rx1,11,0.90625,0.903380102040816,0.0028698979591838
logistic,gamma_CP_rx2,11,0.91390306122449,0.868941326530612,0.0449617346938774
rf,gamma_CP_rx2,11,0.90625,0.865433673469388,0.0408163265306123
logistic,a_FP_RHCP_rx1,11,0.91390306122449,0.915816326530612,-0.00191326530612235
rf,a_FP_RHCP_rx1,11,0.90625,0.904655612244898,0.00159438775510212
logistic,a_FP_LHCP_rx1,11,0.91390306122449,0.838329081632653,0.0755739795918366
rf,a_FP_LHCP_rx1,11,0.90625,0.90640943877551,-0.000159438775510168
logistic,a_FP_RHCP_rx2,11,0.91390306122449,0.916772959183673,-0.00286989795918369
rf,a_FP_RHCP_rx2,11,0.90625,0.908801020408163,-0.00255102040816302
logistic,a_FP_LHCP_rx2,11,0.91390306122449,0.907525510204081,0.00637755102040816
rf,a_FP_LHCP_rx2,11,0.90625,0.897161989795918,0.00908801020408179
logistic,gamma_CP_rx1,12,0.91390306122449,0.920280612244898,-0.00637755102040827
rf,gamma_CP_rx1,12,0.90625,0.900191326530612,0.00605867346938793
logistic,gamma_CP_rx2,12,0.91390306122449,0.866709183673469,0.0471938775510203
rf,gamma_CP_rx2,12,0.90625,0.865114795918367,0.0411352040816328
logistic,a_FP_RHCP_rx1,12,0.91390306122449,0.896045918367347,0.017857142857143
rf,a_FP_RHCP_rx1,12,0.90625,0.90625,1.11022302462516e-16
logistic,a_FP_LHCP_rx1,12,0.91390306122449,0.821747448979592,0.0921556122448979
rf,a_FP_LHCP_rx1,12,0.90625,0.903539540816326,0.00271045918367352
logistic,a_FP_RHCP_rx2,12,0.91390306122449,0.915497448979592,-0.00159438775510212
rf,a_FP_RHCP_rx2,12,0.90625,0.907206632653061,-0.000956632653061007
logistic,a_FP_LHCP_rx2,12,0.91390306122449,0.912946428571428,0.000956632653061229
rf,a_FP_LHCP_rx2,12,0.90625,0.876753826530612,0.0294961734693879
logistic,gamma_CP_rx1,13,0.91390306122449,0.903380102040816,0.0105229591836734
rf,gamma_CP_rx1,13,0.90625,0.916932397959183,-0.0106823979591835
logistic,gamma_CP_rx2,13,0.91390306122449,0.857142857142857,0.0567602040816325
rf,gamma_CP_rx2,13,0.90625,0.866390306122449,0.0398596938775511
logistic,a_FP_RHCP_rx1,13,0.91390306122449,0.897002551020408,0.0169005102040816
rf,a_FP_RHCP_rx1,13,0.90625,0.905293367346939,0.00095663265306134
logistic,a_FP_LHCP_rx1,13,0.91390306122449,0.872130102040816,0.0417729591836734
rf,a_FP_LHCP_rx1,13,0.90625,0.897959183673469,0.00829081632653061
logistic,a_FP_RHCP_rx2,13,0.91390306122449,0.911989795918367,0.00191326530612246
rf,a_FP_RHCP_rx2,13,0.90625,0.904336734693877,0.00191326530612268
logistic,a_FP_LHCP_rx2,13,0.91390306122449,0.900510204081632,0.0133928571428572
rf,a_FP_LHCP_rx2,13,0.90625,0.868781887755102,0.0374681122448981
logistic,gamma_CP_rx1,14,0.91390306122449,0.909757653061224,0.00414540816326536
rf,gamma_CP_rx1,14,0.90625,0.914540816326531,-0.0082908163265305
logistic,gamma_CP_rx2,14,0.91390306122449,0.891581632653061,0.0223214285714286
rf,gamma_CP_rx2,14,0.90625,0.85188137755102,0.0543686224489797
logistic,a_FP_RHCP_rx1,14,0.91390306122449,0.902423469387755,0.0114795918367347
rf,a_FP_RHCP_rx1,14,0.90625,0.906887755102041,-0.000637755102040671
logistic,a_FP_LHCP_rx1,14,0.91390306122449,0.858418367346939,0.0554846938775507
rf,a_FP_LHCP_rx1,14,0.90625,0.901626275510204,0.00462372448979598
logistic,a_FP_RHCP_rx2,14,0.91390306122449,0.912308673469388,0.0015943877551019
rf,a_FP_RHCP_rx2,14,0.90625,0.907206632653061,-0.000956632653061118
logistic,a_FP_LHCP_rx2,14,0.91390306122449,0.918686224489796,-0.00478316326530626
rf,a_FP_LHCP_rx2,14,0.90625,0.880739795918367,0.0255102040816327
logistic,gamma_CP_rx1,15,0.91390306122449,0.915178571428571,-0.00127551020408156
rf,gamma_CP_rx1,15,0.90625,0.911989795918367,-0.00573979591836715
logistic,gamma_CP_rx2,15,0.91390306122449,0.868303571428571,0.0455994897959182
rf,gamma_CP_rx2,15,0.90625,0.845184948979592,0.0610650510204082
logistic,a_FP_RHCP_rx1,15,0.91390306122449,0.882015306122449,0.0318877551020409
rf,a_FP_RHCP_rx1,15,0.90625,0.90625,0
logistic,a_FP_LHCP_rx1,15,0.91390306122449,0.823022959183673,0.0908801020408162
rf,a_FP_LHCP_rx1,15,0.90625,0.889190051020408,0.0170599489795921
logistic,a_FP_RHCP_rx2,15,0.91390306122449,0.915816326530612,-0.00191326530612257
rf,a_FP_RHCP_rx2,15,0.90625,0.905293367346939,0.000956632653061451
logistic,a_FP_LHCP_rx2,15,0.91390306122449,0.911033163265306,0.00286989795918347
rf,a_FP_LHCP_rx2,15,0.90625,0.896205357142857,0.010044642857143
logistic,gamma_CP_rx1,16,0.91390306122449,0.883609693877551,0.0302933673469385
rf,gamma_CP_rx1,16,0.90625,0.90656887755102,-0.000318877551020336
logistic,gamma_CP_rx2,16,0.91390306122449,0.878826530612245,0.0350765306122449
rf,gamma_CP_rx2,16,0.90625,0.85969387755102,0.0465561224489796
logistic,a_FP_RHCP_rx1,16,0.91390306122449,0.891581632653061,0.0223214285714286
rf,a_FP_RHCP_rx1,16,0.90625,0.906728316326531,-0.000478316326530503
logistic,a_FP_LHCP_rx1,16,0.91390306122449,0.819515306122449,0.0943877551020407
rf,a_FP_LHCP_rx1,16,0.90625,0.912786989795918,-0.00653698979591832
logistic,a_FP_RHCP_rx2,16,0.91390306122449,0.919961734693877,-0.00605867346938782
rf,a_FP_RHCP_rx2,16,0.90625,0.904974489795918,0.00127551020408179
logistic,a_FP_LHCP_rx2,16,0.91390306122449,0.918048469387755,-0.00414540816326547
rf,a_FP_LHCP_rx2,16,0.90625,0.900510204081632,0.0057397959183676
logistic,gamma_CP_rx1,17,0.91390306122449,0.914859693877551,-0.00095663265306134
rf,gamma_CP_rx1,17,0.90625,0.90625,2.22044604925031e-16
logistic,gamma_CP_rx2,17,0.91390306122449,0.877551020408163,0.0363520408163265
rf,gamma_CP_rx2,17,0.90625,0.852200255102041,0.0540497448979591
logistic,a_FP_RHCP_rx1,17,0.91390306122449,0.891262755102041,0.0226403061224489
rf,a_FP_RHCP_rx1,17,0.90625,0.907525510204081,-0.00127551020408145
logistic,a_FP_LHCP_rx1,17,0.91390306122449,0.866390306122449,0.0475127551020406
rf,a_FP_LHCP_rx1,17,0.90625,0.896364795918367,0.00988520408163285
logistic,a_FP_RHCP_rx2,17,0.91390306122449,0.917091836734694,-0.00318877551020413
rf,a_FP_RHCP_rx2,17,0.90625,0.905452806122449,0.000797193877551061
logistic,a_FP_LHCP_rx2,17,0.91390306122449,0.909757653061224,0.00414540816326525
rf,a_FP_LHCP_rx2,17,0.90625,0.87515943877551,0.0310905612244899
logistic,gamma_CP_rx1,18,0.91390306122449,0.901466836734694,0.0124362244897958
rf,gamma_CP_rx1,18,0.90625,0.904177295918367,0.00207270408163285
logistic,gamma_CP_rx2,18,0.91390306122449,0.872130102040816,0.0417729591836734
rf,gamma_CP_rx2,18,0.90625,0.866390306122449,0.0398596938775511
logistic,a_FP_RHCP_rx1,18,0.91390306122449,0.910714285714286,0.00318877551020402
rf,a_FP_RHCP_rx1,18,0.90625,0.910395408163265,-0.00414540816326525
logistic,a_FP_LHCP_rx1,18,0.91390306122449,0.837372448979592,0.0765306122448978
rf,a_FP_LHCP_rx1,18,0.90625,0.902582908163265,0.00366709183673486
logistic,a_FP_RHCP_rx2,18,0.91390306122449,0.915816326530612,-0.00191326530612246
rf,a_FP_RHCP_rx2,18,0.90625,0.904974489795918,0.00127551020408168
logistic,a_FP_LHCP_rx2,18,0.91390306122449,0.911033163265306,0.00286989795918358
rf,a_FP_LHCP_rx2,18,0.90625,0.893813775510204,0.012436224489796
logistic,gamma_CP_rx1,19,0.91390306122449,0.921237244897959,-0.00733418367346939
rf,gamma_CP_rx1,19,0.90625,0.905771683673469,0.000478316326530726
logistic,gamma_CP_rx2,19,0.91390306122449,0.863520408163265,0.0503826530612244
rf,gamma_CP_rx2,19,0.90625,0.850127551020408,0.0561224489795918
logistic,a_FP_RHCP_rx1,19,0.91390306122449,0.89859693877551,0.0153061224489796
rf,a_FP_RHCP_rx1,19,0.90625,0.903380102040816,0.00286989795918391
logistic,a_FP_LHCP_rx1,19,0.91390306122449,0.780293367346939,0.133609693877551
rf,a_FP_LHCP_rx1,19,0.90625,0.908003826530612,-0.00175382653061207
logistic,a_FP_RHCP_rx2,19,0.91390306122449,0.919005102040816,-0.0051020408163267
rf,a_FP_RHCP_rx2,19,0.90625,0.907844387755102,-0.00159438775510179
logistic,a_FP_LHCP_rx2,19,0.91390306122449,0.921237244897959,-0.00733418367346961
rf,a_FP_LHCP_rx2,19,0.90625,0.892378826530612,0.0138711734693879
logistic,gamma_CP_rx1,20,0.91390306122449,0.910076530612245,0.00382653061224469
rf,gamma_CP_rx1,20,0.90625,0.896524234693877,0.00972576530612268
logistic,gamma_CP_rx2,20,0.91390306122449,0.874362244897959,0.0395408163265305
rf,gamma_CP_rx2,20,0.90625,0.871173469387755,0.0350765306122449
logistic,a_FP_RHCP_rx1,20,0.91390306122449,0.91422193877551,-0.000318877551020336
rf,a_FP_RHCP_rx1,20,0.90625,0.902901785714286,0.00334821428571441
logistic,a_FP_LHCP_rx1,20,0.91390306122449,0.852997448979592,0.0609056122448978
rf,a_FP_LHCP_rx1,20,0.90625,0.902901785714286,0.00334821428571441
logistic,a_FP_RHCP_rx2,20,0.91390306122449,0.912308673469388,0.00159438775510201
rf,a_FP_RHCP_rx2,20,0.90625,0.90625,2.22044604925031e-16
logistic,a_FP_LHCP_rx2,20,0.91390306122449,0.912627551020408,0.00127551020408168
rf,a_FP_LHCP_rx2,20,0.90625,0.897002551020408,0.00924744897959184
logistic,gamma_CP_rx1,21,0.91390306122449,0.90656887755102,0.00733418367346927
rf,gamma_CP_rx1,21,0.90625,0.91438137755102,-0.00813137755102022
logistic,gamma_CP_rx2,21,0.91390306122449,0.879464285714286,0.034438775510204
rf,gamma_CP_rx2,21,0.90625,0.855548469387755,0.0507015306122449
logistic,a_FP_RHCP_rx1,21,0.91390306122449,0.910714285714286,0.00318877551020402
rf,a_FP_RHCP_rx1,21,0.90625,0.908003826530612,-0.00175382653061218
logistic,a_FP_LHCP_rx1,21,0.91390306122449,0.8125,0.10140306122449
rf,a_FP_LHCP_rx1,21,0.90625,0.908163265306122,-0.00191326530612246
logistic,a_FP_RHCP_rx2,21,0.91390306122449,0.917091836734694,-0.00318877551020413
rf,a_FP_RHCP_rx2,21,0.90625,0.908003826530612,-0.00175382653061207
logistic,a_FP_LHCP_rx2,21,0.91390306122449,0.908163265306122,0.00573979591836715
rf,a_FP_LHCP_rx2,21,0.90625,0.900031887755102,0.00621811224489821
logistic,gamma_CP_rx1,22,0.91390306122449,0.893813775510204,0.0200892857142857
rf,gamma_CP_rx1,22,0.90625,0.90640943877551,-0.000159438775510168
logistic,gamma_CP_rx2,22,0.91390306122449,0.895408163265306,0.0184948979591836
rf,gamma_CP_rx2,22,0.90625,0.856823979591837,0.0494260204081634
logistic,a_FP_RHCP_rx1,22,0.91390306122449,0.901785714285714,0.0121173469387755
rf,a_FP_RHCP_rx1,22,0.90625,0.905931122448979,0.000318877551020558
logistic,a_FP_LHCP_rx1,22,0.91390306122449,0.827487244897959,0.0864158163265305
rf,a_FP_LHCP_rx1,22,0.90625,0.909119897959183,-0.00286989795918347
logistic,a_FP_RHCP_rx2,22,0.91390306122449,0.913265306122449,0.000637755102040782
rf,a_FP_RHCP_rx2,22,0.90625,0.905293367346939,0.00095663265306134
logistic,a_FP_LHCP_rx2,22,0.91390306122449,0.915178571428571,-0.00127551020408168
rf,a_FP_LHCP_rx2,22,0.90625,0.886001275510204,0.0202487244897962
logistic,gamma_CP_rx1,23,0.91390306122449,0.905293367346939,0.00860969387755095
rf,gamma_CP_rx1,23,0.90625,0.899394132653061,0.00685586734693888
logistic,gamma_CP_rx2,23,0.91390306122449,0.872130102040816,0.0417729591836733
rf,gamma_CP_rx2,23,0.90625,0.847576530612245,0.0586734693877551
logistic,a_FP_RHCP_rx1,23,0.91390306122449,0.891581632653061,0.0223214285714286
rf,a_FP_RHCP_rx1,23,0.90625,0.904177295918367,0.00207270408163274
logistic,a_FP_LHCP_rx1,23,0.91390306122449,0.825573979591837,0.088329081632653
rf,a_FP_LHCP_rx1,23,0.90625,0.90609056122449,0.00015943877551039
logistic,a_FP_RHCP_rx2,23,0.91390306122449,0.915497448979592,-0.00159438775510212
rf,a_FP_RHCP_rx2,23,0.90625,0.904815051020408,0.00143494897959195
logistic,a_FP_LHCP_rx2,23,0.91390306122449,0.912308673469388,0.0015943877551019
rf,a_FP_LHCP_rx2,23,0.90625,0.876594387755102,0.0296556122448981
logistic,gamma_CP_rx1,24,0.91390306122449,0.893176020408163,0.0207270408163265
rf,gamma_CP_rx1,24,0.90625,0.906887755102041,-0.000637755102040671
logistic,gamma_CP_rx2,24,0.91390306122449,0.872767857142857,0.0411352040816324
rf,gamma_CP_rx2,24,0.90625,0.866390306122449,0.0398596938775511
logistic,a_FP_RHCP_rx1,24,0.91390306122449,0.901785714285714,0.0121173469387755
rf,a_FP_RHCP_rx1,24,0.90625,0.905612244897959,0.000637755102041004
logistic,a_FP_LHCP_rx1,24,0.91390306122449,0.848852040816326,0.0650510204081631
rf,a_FP_LHCP_rx1,24,0.90625,0.905133928571428,0.00111607142857162
logistic,a_FP_RHCP_rx2,24,0.91390306122449,0.917410714285714,-0.00350765306122458
rf,a_FP_RHCP_rx2,24,0.90625,0.904017857142857,0.00223214285714302
logistic,a_FP_LHCP_rx2,24,0.91390306122449,0.901466836734694,0.0124362244897959
rf,a_FP_LHCP_rx2,24,0.90625,0.907206632653061,-0.000956632653061229
logistic,gamma_CP_rx1,25,0.91390306122449,0.900510204081633,0.013392857142857
rf,gamma_CP_rx1,25,0.90625,0.915338010204081,-0.00908801020408145
logistic,gamma_CP_rx2,25,0.91390306122449,0.885204081632653,0.0286989795918366
rf,gamma_CP_rx2,25,0.90625,0.840561224489796,0.065688775510204
logistic,a_FP_RHCP_rx1,25,0.91390306122449,0.904655612244898,0.00924744897959184
rf,a_FP_RHCP_rx1,25,0.90625,0.908482142857143,-0.00223214285714268
logistic,a_FP_LHCP_rx1,25,0.91390306122449,0.860650510204082,0.053252551020408
rf,a_FP_LHCP_rx1,25,0.90625,0.911352040816326,-0.00510204081632626
logistic,a_FP_RHCP_rx2,25,0.91390306122449,0.917410714285714,-0.00350765306122458
rf,a_FP_RHCP_rx2,25,0.90625,0.907047193877551,-0.000797193877550839
logistic,a_FP_LHCP_rx2,25,0.91390306122449,0.905612244897959,0.00829081632653073
rf,a_FP_LHCP_rx2,25,0.90625,0.887436224489796,0.0188137755102042
logistic,gamma_CP_rx1,26,0.91390306122449,0.910395408163265,0.00350765306122447
rf,gamma_CP_rx1,26,0.90625,0.913265306122449,-0.00701530612244894
logistic,gamma_CP_rx2,26,0.91390306122449,0.874043367346939,0.039859693877551
rf,gamma_CP_rx2,26,0.90625,0.863520408163265,0.0427295918367345
logistic,a_FP_RHCP_rx1,26,0.91390306122449,0.904017857142857,0.00988520408163263
rf,a_FP_RHCP_rx1,26,0.90625,0.903220663265306,0.00302933673469397
logistic,a_FP_LHCP_rx1,26,0.91390306122449,0.851084183673469,0.0628188775510202
rf,a_FP_LHCP_rx1,26,0.90625,0.902742346938776,0.00350765306122447
logistic,a_FP_RHCP_rx2,26,0.91390306122449,0.915497448979592,-0.00159438775510212
rf,a_FP_RHCP_rx2,26,0.90625,0.900510204081633,0.00573979591836737
logistic,a_FP_LHCP_rx2,26,0.91390306122449,0.901785714285714,0.0121173469387754
rf,a_FP_LHCP_rx2,26,0.90625,0.892538265306122,0.0137117346938778
logistic,gamma_CP_rx1,27,0.91390306122449,0.893494897959183,0.0204081632653061
rf,gamma_CP_rx1,27,0.90625,0.904815051020408,0.00143494897959195
logistic,gamma_CP_rx2,27,0.91390306122449,0.85905612244898,0.0548469387755099
rf,gamma_CP_rx2,27,0.90625,0.842315051020408,0.0639349489795917
logistic,a_FP_RHCP_rx1,27,0.91390306122449,0.905293367346939,0.00860969387755095
rf,a_FP_RHCP_rx1,27,0.90625,0.902264030612245,0.00398596938775519
logistic,a_FP_LHCP_rx1,27,0.91390306122449,0.814732142857143,0.0991709183673468
rf,a_FP_LHCP_rx1,27,0.90625,0.915975765306122,-0.00972576530612246
logistic,a_FP_RHCP_rx2,27,0.91390306122449,0.914859693877551,-0.000956632653061229
rf,a_FP_RHCP_rx2,27,0.90625,0.903061224489796,0.00318877551020424
logistic,a_FP_LHCP_rx2,27,0.91390306122449,0.90625,0.00765306122448983
rf,a_FP_LHCP_rx2,27,0.90625,0.903061224489796,0.00318877551020402
logistic,gamma_CP_rx1,28,0.91390306122449,0.910076530612245,0.00382653061224492
rf,gamma_CP_rx1,28,0.90625,0.915178571428571,-0.00892857142857129
logistic,gamma_CP_rx2,28,0.91390306122449,0.87531887755102,0.0385841836734692
rf,gamma_CP_rx2,28,0.90625,0.860012755102041,0.0462372448979593
logistic,a_FP_RHCP_rx1,28,0.91390306122449,0.894132653061224,0.0197704081632653
rf,a_FP_RHCP_rx1,28,0.90625,0.901626275510204,0.0046237244897962
logistic,a_FP_LHCP_rx1,28,0.91390306122449,0.860650510204081,0.0532525510204082
rf,a_FP_LHCP_rx1,28,0.90625,0.899394132653061,0.00685586734693888
logistic,a_FP_RHCP_rx2,28,0.91390306122449,0.916772959183673,-0.0028698979591838
rf,a_FP_RHCP_rx2,28,0.90625,0.90672831632653,-0.000478316326530392
logistic,a_FP_LHCP_rx2,28,0.91390306122449,0.908801020408163,0.00510204081632637
rf,a_FP_LHCP_rx2,28,0.90625,0.883769132653061,0.0224808673469388
logistic,gamma_CP_rx1,29,0.91390306122449,0.911670918367347,0.00223214285714279
rf,gamma_CP_rx1,29,0.90625,0.913424744897959,-0.00717474489795888
logistic,gamma_CP_rx2,29,0.91390306122449,0.888392857142857,0.0255102040816325
rf,gamma_CP_rx2,29,0.90625,0.850446428571429,0.0558035714285713
logistic,a_FP_RHCP_rx1,29,0.91390306122449,0.923788265306122,-0.00988520408163274
rf,a_FP_RHCP_rx1,29,0.90625,0.901626275510204,0.00462372448979609
logistic,a_FP_LHCP_rx1,29,0.91390306122449,0.838966836734694,0.0749362244897956
rf,a_FP_LHCP_rx1,29,0.90625,0.887914540816326,0.0183354591836736
logistic,a_FP_RHCP_rx2,29,0.91390306122449,0.916772959183673,-0.00286989795918369
rf,a_FP_RHCP_rx2,29,0.90625,0.902742346938775,0.00350765306122469
logistic,a_FP_LHCP_rx2,29,0.91390306122449,0.910714285714285,0.00318877551020424
rf,a_FP_LHCP_rx2,29,0.90625,0.881218112244898,0.0250318877551022
logistic,gamma_CP_rx1,30,0.91390306122449,0.912627551020408,0.00127551020408168
rf,gamma_CP_rx1,30,0.90625,0.905771683673469,0.000478316326530726
logistic,gamma_CP_rx2,30,0.91390306122449,0.886479591836735,0.0274234693877551
rf,gamma_CP_rx2,30,0.90625,0.846301020408163,0.0599489795918368
logistic,a_FP_RHCP_rx1,30,0.91390306122449,0.904017857142857,0.00988520408163263
rf,a_FP_RHCP_rx1,30,0.90625,0.908322704081633,-0.00207270408163251
logistic,a_FP_LHCP_rx1,30,0.91390306122449,0.834502551020408,0.0794005102040816
rf,a_FP_LHCP_rx1,30,0.90625,0.904655612244898,0.00159438775510223
logistic,a_FP_RHCP_rx2,30,0.91390306122449,0.91390306122449,-1.11022302462516e-16
rf,a_FP_RHCP_rx2,30,0.90625,0.905133928571428,0.00111607142857162
logistic,a_FP_LHCP_rx2,30,0.91390306122449,0.909119897959183,0.00478316326530615
rf,a_FP_LHCP_rx2,30,0.90625,0.88313137755102,0.0231186224489797
logistic,gamma_CP_rx1,31,0.91390306122449,0.904017857142857,0.00988520408163251
rf,gamma_CP_rx1,31,0.90625,0.91438137755102,-0.00813137755102034
logistic,gamma_CP_rx2,31,0.91390306122449,0.815688775510204,0.0982142857142856
rf,gamma_CP_rx2,31,0.90625,0.847895408163265,0.0583545918367347
logistic,a_FP_RHCP_rx1,31,0.91390306122449,0.907844387755102,0.00605867346938771
rf,a_FP_RHCP_rx1,31,0.90625,0.904336734693877,0.00191326530612268
logistic,a_FP_LHCP_rx1,31,0.91390306122449,0.852359693877551,0.0615433673469387
rf,a_FP_LHCP_rx1,31,0.90625,0.905771683673469,0.000478316326530726
logistic,a_FP_RHCP_rx2,31,0.91390306122449,0.918367346938776,-0.00446428571428592
rf,a_FP_RHCP_rx2,31,0.90625,0.907366071428571,-0.0011160714285714
logistic,a_FP_LHCP_rx2,31,0.91390306122449,0.89859693877551,0.0153061224489796
rf,a_FP_LHCP_rx2,31,0.90625,0.895248724489796,0.0110012755102042
logistic,gamma_CP_rx1,32,0.91390306122449,0.91422193877551,-0.000318877551020447
rf,gamma_CP_rx1,32,0.90625,0.910714285714286,-0.00446428571428559
logistic,gamma_CP_rx2,32,0.91390306122449,0.855867346938775,0.0580357142857142
rf,gamma_CP_rx2,32,0.90625,0.856345663265306,0.0499043367346939
logistic,a_FP_RHCP_rx1,32,0.91390306122449,0.896045918367347,0.0178571428571428
rf,a_FP_RHCP_rx1,32,0.90625,0.908163265306122,-0.00191326530612235
logistic,a_FP_LHCP_rx1,32,0.91390306122449,0.831632653061224,0.0822704081632651
rf,a_FP_LHCP_rx1,32,0.90625,0.910873724489796,-0.00462372448979576
logistic,a_FP_RHCP_rx2,32,0.91390306122449,0.914859693877551,-0.000956632653061229
rf,a_FP_RHCP_rx2,32,0.90625,0.903858418367347,0.00239158163265318
logistic,a_FP_LHCP_rx2,32,0.91390306122449,0.916772959183673,-0.00286989795918369
rf,a_FP_LHCP_rx2,32,0.90625,0.884247448979592,0.0220025510204085
logistic,gamma_CP_rx1,33,0.91390306122449,0.917410714285714,-0.00350765306122447
rf,gamma_CP_rx1,33,0.90625,0.911830357142857,-0.00558035714285698
logistic,gamma_CP_rx2,33,0.91390306122449,0.901466836734694,0.0124362244897959
rf,gamma_CP_rx2,33,0.90625,0.868463010204082,0.0377869897959183
logistic,a_FP_RHCP_rx1,33,0.91390306122449,0.907525510204082,0.00637755102040805
rf,a_FP_RHCP_rx1,33,0.90625,0.910714285714286,-0.00446428571428559
logistic,a_FP_LHCP_rx1,33,0.91390306122449,0.827168367346939,0.0867346938775508
rf,a_FP_LHCP_rx1,33,0.90625,0.900510204081633,0.00573979591836749
logistic,a_FP_RHCP_rx2,33,0.91390306122449,0.913584183673469,0.000318877551020225
rf,a_FP_RHCP_rx2,33,0.90625,0.908482142857143,-0.00223214285714268
logistic,a_FP_LHCP_rx2,33,0.91390306122449,0.909757653061224,0.00414540816326525
rf,a_FP_LHCP_rx2,33,0.90625,0.876913265306122,0.0293367346938777
logistic,gamma_CP_rx1,34,0.91390306122449,0.899234693877551,0.0146683673469388
rf,gamma_CP_rx1,34,0.90625,0.905133928571428,0.00111607142857162
logistic,gamma_CP_rx2,34,0.91390306122449,0.871811224489796,0.0420918367346936
rf,gamma_CP_rx2,34,0.90625,0.869579081632653,0.0366709183673469
logistic,a_FP_RHCP_rx1,34,0.91390306122449,0.901785714285714,0.0121173469387754
rf,a_FP_RHCP_rx1,34,0.90625,0.903539540816326,0.00271045918367352
logistic,a_FP_LHCP_rx1,34,0.91390306122449,0.821428571428571,0.0924744897959182
rf,a_FP_LHCP_rx1,34,0.90625,0.911033163265306,-0.00478316326530615
logistic,a_FP_RHCP_rx2,34,0.91390306122449,0.917091836734694,-0.00318877551020413
rf,a_FP_RHCP_rx2,34,0.90625,0.907525510204081,-0.00127551020408145
logistic,a_FP_LHCP_rx2,34,0.91390306122449,0.911352040816326,0.00255102040816313
rf,a_FP_LHCP_rx2,34,0.90625,0.893335459183673,0.0129145408163267
logistic,gamma_CP_rx1,35,0.91390306122449,0.910714285714286,0.00318877551020402
rf,gamma_CP_rx1,35,0.90625,0.911033163265306,-0.00478316326530592
logistic,gamma_CP_rx2,35,0.91390306122449,0.879783163265306,0.0341198979591835
rf,gamma_CP_rx2,35,0.90625,0.839923469387755,0.0663265306122449
logistic,a_FP_RHCP_rx1,35,0.91390306122449,0.896683673469388,0.0172193877551019
rf,a_FP_RHCP_rx1,35,0.90625,0.902742346938775,0.00350765306122458
logistic,a_FP_LHCP_rx1,35,0.91390306122449,0.82780612244898,0.0860969387755101
rf,a_FP_LHCP_rx1,35,0.90625,0.899713010204082,0.00653698979591844
logistic,a_FP_RHCP_rx2,35,0.91390306122449,0.91390306122449,-1.11022302462516e-16
rf,a_FP_RHCP_rx2,35,0.90625,0.903858418367347,0.00239158163265318
logistic,a_FP_LHCP_rx2,35,0.91390306122449,0.911670918367347,0.0022321428571429
rf,a_FP_LHCP_rx2,35,0.90625,0.885204081632653,0.0210459183673469
logistic,gamma_CP_rx1,36,0.91390306122449,0.901466836734694,0.012436224489796
rf,gamma_CP_rx1,36,0.90625,0.912468112244898,-0.00621811224489777
logistic,gamma_CP_rx2,36,0.91390306122449,0.856505102040816,0.0573979591836735
rf,gamma_CP_rx2,36,0.90625,0.870057397959183,0.0361926020408165
logistic,a_FP_RHCP_rx1,36,0.91390306122449,0.899872448979592,0.014030612244898
rf,a_FP_RHCP_rx1,36,0.90625,0.90625,1.11022302462516e-16
logistic,a_FP_LHCP_rx1,36,0.91390306122449,0.869579081632653,0.0443239795918365
rf,a_FP_LHCP_rx1,36,0.90625,0.899713010204082,0.00653698979591844
logistic,a_FP_RHCP_rx2,36,0.91390306122449,0.918367346938775,-0.00446428571428581
rf,a_FP_RHCP_rx2,36,0.90625,0.905293367346939,0.000956632653061451
logistic,a_FP_LHCP_rx2,36,0.91390306122449,0.910714285714286,0.00318877551020402
rf,a_FP_LHCP_rx2,36,0.90625,0.899553571428571,0.0066964285714286
logistic,gamma_CP_rx1,37,0.91390306122449,0.897002551020408,0.0169005102040817
rf,gamma_CP_rx1,37,0.90625,0.918048469387755,-0.011798469387755
logistic,gamma_CP_rx2,37,0.91390306122449,0.892857142857143,0.0210459183673468
rf,gamma_CP_rx2,37,0.90625,0.862723214285714,0.0435267857142858
logistic,a_FP_RHCP_rx1,37,0.91390306122449,0.907844387755102,0.00605867346938793
rf,a_FP_RHCP_rx1,37,0.90625,0.903380102040816,0.00286989795918391
logistic,a_FP_LHCP_rx1,37,0.91390306122449,0.860650510204082,0.053252551020408
rf,a_FP_LHCP_rx1,37,0.90625,0.909598214285714,-0.00334821428571419
logistic,a_FP_RHCP_rx2,37,0.91390306122449,0.917091836734694,-0.00318877551020424
rf,a_FP_RHCP_rx2,37,0.90625,0.905133928571428,0.00111607142857162
logistic,a_FP_LHCP_rx2,37,0.91390306122449,0.916135204081633,-0.00223214285714302
rf,a_FP_LHCP_rx2,37,0.90625,0.879942602040816,0.0263073979591837
logistic,gamma_CP_rx1,38,0.91390306122449,0.900191326530612,0.0137117346938775
rf,gamma_CP_rx1,38,0.90625,0.905452806122449,0.000797193877551061
logistic,gamma_CP_rx2,38,0.91390306122449,0.853954081632653,0.0599489795918366
rf,gamma_CP_rx2,38,0.90625,0.857302295918367,0.0489477040816326
logistic,a_FP_RHCP_rx1,38,0.91390306122449,0.915816326530612,-0.00191326530612268
rf,a_FP_RHCP_rx1,38,0.90625,0.902423469387755,0.00382653061224503
logistic,a_FP_LHCP_rx1,38,0.91390306122449,0.867665816326531,0.046237244897959
rf,a_FP_LHCP_rx1,38,0.90625,0.905133928571428,0.00111607142857162
logistic,a_FP_RHCP_rx2,38,0.91390306122449,0.909438775510204,0.0044642857142857
rf,a_FP_RHCP_rx2,38,0.90625,0.908801020408163,-0.00255102040816313
logistic,a_FP_LHCP_rx2,38,0.91390306122449,0.915497448979592,-0.00159438775510234
rf,a_FP_LHCP_rx2,38,0.90625,0.889349489795918,0.0169005102040817
logistic,gamma_CP_rx1,39,0.91390306122449,0.884885204081632,0.0290178571428572
rf,gamma_CP_rx1,39,0.90625,0.903220663265306,0.00302933673469408
logistic,gamma_CP_rx2,39,0.91390306122449,0.870854591836735,0.043048469387755
rf,gamma_CP_rx2,39,0.90625,0.848214285714286,0.0580357142857144
logistic,a_FP_RHCP_rx1,39,0.91390306122449,0.911670918367347,0.0022321428571429
rf,a_FP_RHCP_rx1,39,0.90625,0.908482142857143,-0.00223214285714268
logistic,a_FP_LHCP_rx1,39,0.91390306122449,0.864477040816326,0.0494260204081631
rf,a_FP_LHCP_rx1,39,0.90625,0.8984375,0.00781250000000011
logistic,a_FP_RHCP_rx2,39,0.91390306122449,0.911989795918367,0.00191326530612235
rf,a_FP_RHCP_rx2,39,0.90625,0.90640943877551,-0.000159438775510057
logistic,a_FP_LHCP_rx2,39,0.91390306122449,0.907844387755102,0.00605867346938771
rf,a_FP_LHCP_rx2,39,0.90625,0.886957908163265,0.0192920918367349
logistic,gamma_CP_rx1,40,0.91390306122449,0.911033163265306,0.00286989795918369
rf,gamma_CP_rx1,40,0.90625,0.905771683673469,0.000478316326530726
logistic,gamma_CP_rx2,40,0.91390306122449,0.867665816326531,0.0462372448979591
rf,gamma_CP_rx2,40,0.90625,0.847576530612245,0.0586734693877552
logistic,a_FP_RHCP_rx1,40,0.91390306122449,0.911989795918367,0.00191326530612257
rf,a_FP_RHCP_rx1,40,0.90625,0.908003826530612,-0.00175382653061207
logistic,a_FP_LHCP_rx1,40,0.91390306122449,0.896045918367347,0.0178571428571427
rf,a_FP_LHCP_rx1,40,0.90625,0.905133928571428,0.00111607142857162
logistic,a_FP_RHCP_rx2,40,0.91390306122449,0.911989795918367,0.00191326530612235
rf,a_FP_RHCP_rx2,40,0.90625,0.903539540816326,0.00271045918367363
logistic,a_FP_LHCP_rx2,40,0.91390306122449,0.90593112244898,0.00797193877551006
rf,a_FP_LHCP_rx2,40,0.90625,0.898915816326531,0.0073341836734695
logistic,gamma_CP_rx1,41,0.91390306122449,0.89827806122449,0.015625
rf,gamma_CP_rx1,41,0.90625,0.905452806122449,0.000797193877551283
logistic,gamma_CP_rx2,41,0.91390306122449,0.886798469387755,0.0271045918367345
rf,gamma_CP_rx2,41,0.90625,0.866709183673469,0.0395408163265307
logistic,a_FP_RHCP_rx1,41,0.91390306122449,0.904017857142857,0.00988520408163263
rf,a_FP_RHCP_rx1,41,0.90625,0.902582908163265,0.00366709183673475
logistic,a_FP_LHCP_rx1,41,0.91390306122449,0.876275510204082,0.037627551020408
rf,a_FP_LHCP_rx1,41,0.90625,0.899713010204082,0.00653698979591844
logistic,a_FP_RHCP_rx2,41,0.91390306122449,0.920280612244898,-0.00637755102040827
rf,a_FP_RHCP_rx2,41,0.90625,0.904336734693877,0.00191326530612257
logistic,a_FP_LHCP_rx2,41,0.91390306122449,0.901785714285714,0.0121173469387754
rf,a_FP_LHCP_rx2,41,0.90625,0.89827806122449,0.00797193877551028
logistic,gamma_CP_rx1,42,0.91390306122449,0.90625,0.00765306122448983
rf,gamma_CP_rx1,42,0.90625,0.90625,1.11022302462516e-16
logistic,gamma_CP_rx2,42,0.91390306122449,0.88297193877551,0.0309311224489796
rf,gamma_CP_rx2,42,0.90625,0.842155612244898,0.0640943877551021
logistic,a_FP_RHCP_rx1,42,0.91390306122449,0.89827806122449,0.015625
rf,a_FP_RHCP_rx1,42,0.90625,0.900669642857143,0.00558035714285743
logistic,a_FP_LHCP_rx1,42,0.91390306122449,0.816326530612245,0.0975765306122448
rf,a_FP_LHCP_rx1,42,0.90625,0.8984375,0.00781250000000011
logistic,a_FP_RHCP_rx2,42,0.91390306122449,0.911989795918367,0.00191326530612246
rf,a_FP_RHCP_rx2,42,0.90625,0.908163265306122,-0.00191326530612235
logistic,a_FP_LHCP_rx2,42,0.91390306122449,0.921237244897959,-0.00733418367346939
rf,a_FP_LHCP_rx2,42,0.90625,0.887117346938775,0.0191326530612246
logistic,gamma_CP_rx1,43,0.91390306122449,0.902423469387755,0.0114795918367345
rf,gamma_CP_rx1,43,0.90625,0.911989795918367,-0.00573979591836726
logistic,gamma_CP_rx2,43,0.91390306122449,0.877232142857143,0.0366709183673468
rf,gamma_CP_rx2,43,0.90625,0.857142857142857,0.0491071428571428
logistic,a_FP_RHCP_rx1,43,0.91390306122449,0.887436224489796,0.0264668367346937
rf,a_FP_RHCP_rx1,43,0.90625,0.904017857142857,0.00223214285714302
logistic,a_FP_LHCP_rx1,43,0.91390306122449,0.832270408163265,0.0816326530612244
rf,a_FP_LHCP_rx1,43,0.90625,0.909757653061224,-0.00350765306122447
logistic,a_FP_RHCP_rx2,43,0.91390306122449,0.920599489795918,-0.00669642857142871
rf,a_FP_RHCP_rx2,43,0.90625,0.904177295918367,0.00207270408163296
logistic,a_FP_LHCP_rx2,43,0.91390306122449,0.917410714285714,-0.00350765306122447
rf,a_FP_LHCP_rx2,43,0.90625,0.884725765306122,0.0215242346938778
logistic,gamma_CP_rx1,44,0.91390306122449,0.904017857142857,0.00988520408163263
rf,gamma_CP_rx1,44,0.90625,0.909119897959183,-0.00286989795918347
logistic,gamma_CP_rx2,44,0.91390306122449,0.869579081632653,0.0443239795918365
rf,gamma_CP_rx2,44,0.90625,0.857621173469388,0.0486288265306123
logistic,a_FP_RHCP_rx1,44,0.91390306122449,0.906887755102041,0.00701530612244905
rf,a_FP_RHCP_rx1,44,0.90625,0.907206632653061,-0.000956632653061007
logistic,a_FP_LHCP_rx1,44,0.91390306122449,0.875,0.0389030612244896
rf,a_FP_LHCP_rx1,44,0.90625,0.908003826530612,-0.00175382653061207
logistic,a_FP_RHCP_rx2,44,0.91390306122449,0.917091836734694,-0.00318877551020424
rf,a_FP_RHCP_rx2,44,0.90625,0.905931122448979,0.000318877551020558
logistic,a_FP_LHCP_rx2,44,0.91390306122449,0.910395408163265,0.00350765306122436
rf,a_FP_LHCP_rx2,44,0.90625,0.899234693877551,0.00701530612244905
logistic,gamma_CP_rx1,45,0.91390306122449,0.90625,0.00765306122448983
rf,gamma_CP_rx1,45,0.90625,0.907206632653061,-0.000956632653061007
logistic,gamma_CP_rx2,45,0.91390306122449,0.848852040816326,0.0650510204081632
rf,gamma_CP_rx2,45,0.90625,0.848533163265306,0.0577168367346939
logistic,a_FP_RHCP_rx1,45,0.91390306122449,0.889987244897959,0.0239158163265306
rf,a_FP_RHCP_rx1,45,0.90625,0.908960459183673,-0.0027104591836733
logistic,a_FP_LHCP_rx1,45,0.91390306122449,0.82780612244898,0.0860969387755101
rf,a_FP_LHCP_rx1,45,0.90625,0.900350765306122,0.00589923469387776
logistic,a_FP_RHCP_rx2,45,0.91390306122449,0.911989795918367,0.00191326530612235
rf,a_FP_RHCP_rx2,45,0.90625,0.907525510204081,-0.00127551020408145
logistic,a_FP_LHCP_rx2,45,0.91390306122449,0.915497448979592,-0.00159438775510223
rf,a_FP_LHCP_rx2,45,0.90625,0.8984375,0.00781250000000011
logistic,gamma_CP_rx1,46,0.91390306122449,0.896364795918367,0.0175382653061222
rf,gamma_CP_rx1,46,0.90625,0.908641581632653,-0.00239158163265296
logistic,gamma_CP_rx2,46,0.91390306122449,0.872130102040816,0.0417729591836733
rf,gamma_CP_rx2,46,0.90625,0.852997448979592,0.053252551020408
logistic,a_FP_RHCP_rx1,46,0.91390306122449,0.909438775510204,0.00446428571428559
rf,a_FP_RHCP_rx1,46,0.90625,0.901785714285714,0.00446428571428581
logistic,a_FP_LHCP_rx1,46,0.91390306122449,0.831632653061224,0.0822704081632651
rf,a_FP_LHCP_rx1,46,0.90625,0.900510204081632,0.0057397959183676
logistic,a_FP_RHCP_rx2,46,0.91390306122449,0.913265306122449,0.000637755102040782
rf,a_FP_RHCP_rx2,46,0.90625,0.907684948979592,-0.00143494897959173
logistic,a_FP_LHCP_rx2,46,0.91390306122449,0.91422193877551,-0.000318877551020447
rf,a_FP_LHCP_rx2,46,0.90625,0.889349489795918,0.0169005102040819
logistic,gamma_CP_rx1,47,0.91390306122449,0.886160714285714,0.0277423469387754
rf,gamma_CP_rx1,47,0.90625,0.910873724489796,-0.00462372448979576
logistic,gamma_CP_rx2,47,0.91390306122449,0.852997448979592,0.0609056122448978
rf,gamma_CP_rx2,47,0.90625,0.848692602040816,0.0575573979591837
logistic,a_FP_RHCP_rx1,47,0.91390306122449,0.910714285714285,0.00318877551020413
rf,a_FP_RHCP_rx1,47,0.90625,0.900988520408163,0.00526147959183676
logistic,a_FP_LHCP_rx1,47,0.91390306122449,0.852359693877551,0.0615433673469387
rf,a_FP_LHCP_rx1,47,0.90625,0.913265306122449,-0.00701530612244872
logistic,a_FP_RHCP_rx2,47,0.91390306122449,0.919323979591837,-0.00542091836734693
rf,a_FP_RHCP_rx2,47,0.90625,0.905771683673469,0.000478316326530837
logistic,a_FP_LHCP_rx2,47,0.91390306122449,0.916135204081632,-0.00223214285714279
rf,a_FP_LHCP_rx2,47,0.90625,0.892697704081632,0.0135522959183676
logistic,gamma_CP_rx1,48,0.91390306122449,0.915816326530612,-0.00191326530612246
rf,gamma_CP_rx1,48,0.90625,0.909757653061224,-0.00350765306122425
logistic,gamma_CP_rx2,48,0.91390306122449,0.892857142857143,0.0210459183673468
rf,gamma_CP_rx2,48,0.90625,0.871173469387755,0.0350765306122449
logistic,a_FP_RHCP_rx1,48,0.91390306122449,0.888711734693877,0.0251913265306122
rf,a_FP_RHCP_rx1,48,0.90625,0.908322704081633,-0.00207270408163263
logistic,a_FP_LHCP_rx1,48,0.91390306122449,0.840242346938775,0.0736607142857142
rf,a_FP_LHCP_rx1,48,0.90625,0.895089285714286,0.0111607142857144
logistic,a_FP_RHCP_rx2,48,0.91390306122449,0.912627551020408,0.00127551020408156
rf,a_FP_RHCP_rx2,48,0.90625,0.901147959183673,0.0051020408163267
logistic,a_FP_LHCP_rx2,48,0.91390306122449,0.919642857142857,-0.00573979591836737
rf,a_FP_LHCP_rx2,48,0.90625,0.881218112244898,0.0250318877551021
logistic,gamma_CP_rx1,49,0.91390306122449,0.893813775510204,0.0200892857142857
rf,gamma_CP_rx1,49,0.90625,0.910554846938775,-0.00430484693877542
logistic,gamma_CP_rx2,49,0.91390306122449,0.874043367346939,0.039859693877551
rf,gamma_CP_rx2,49,0.90625,0.85969387755102,0.0465561224489798
logistic,a_FP_RHCP_rx1,49,0.91390306122449,0.892538265306122,0.0213647959183672
rf,a_FP_RHCP_rx1,49,0.90625,0.91390306122449,-0.00765306122448972
logistic,a_FP_LHCP_rx1,49,0.91390306122449,0.872130102040816,0.0417729591836734
rf,a_FP_LHCP_rx1,49,0.90625,0.906887755102041,-0.000637755102040671
logistic,a_FP_RHCP_rx2,49,0.91390306122449,0.916772959183673,-0.00286989795918369
rf,a_FP_RHCP_rx2,49,0.90625,0.907206632653061,-0.000956632653061007
logistic,a_FP_LHCP_rx2,49,0.91390306122449,0.90656887755102,0.00733418367346939
rf,a_FP_LHCP_rx2,49,0.90625,0.889987244897959,0.0162627551020409
logistic,gamma_CP_rx1,50,0.91390306122449,0.906887755102041,0.00701530612244894
rf,gamma_CP_rx1,50,0.90625,0.913424744897959,-0.00717474489795922
logistic,gamma_CP_rx2,50,0.91390306122449,0.869260204081633,0.0446428571428569
rf,gamma_CP_rx2,50,0.90625,0.854910714285714,0.0513392857142858
logistic,a_FP_RHCP_rx1,50,0.91390306122449,0.905293367346939,0.00860969387755106
rf,a_FP_RHCP_rx1,50,0.90625,0.902423469387755,0.00382653061224503
logistic,a_FP_LHCP_rx1,50,0.91390306122449,0.84343112244898,0.0704719387755099
rf,a_FP_LHCP_rx1,50,0.90625,0.888711734693878,0.0175382653061225
logistic,a_FP_RHCP_rx2,50,0.91390306122449,0.917729591836735,-0.00382653061224492
rf,a_FP_RHCP_rx2,50,0.90625,0.904496173469388,0.0017538265306124
logistic,a_FP_LHCP_rx2,50,0.91390306122449,0.928571428571428,-0.0146683673469389
rf,a_FP_LHCP_rx2,50,0.90625,0.896045918367347,0.0102040816326532
logistic,gamma_CP_rx1,51,0.91390306122449,0.895727040816326,0.0181760204081634
rf,gamma_CP_rx1,51,0.90625,0.904815051020408,0.00143494897959195
logistic,gamma_CP_rx2,51,0.91390306122449,0.870854591836735,0.0430484693877551
rf,gamma_CP_rx2,51,0.90625,0.846938775510204,0.059311224489796
logistic,a_FP_RHCP_rx1,51,0.91390306122449,0.894451530612245,0.0194515306122448
rf,a_FP_RHCP_rx1,51,0.90625,0.902742346938775,0.00350765306122458
logistic,a_FP_LHCP_rx1,51,0.91390306122449,0.827806122448979,0.0860969387755102
rf,a_FP_LHCP_rx1,51,0.90625,0.912627551020408,-0.00637755102040805
logistic,a_FP_RHCP_rx2,51,0.91390306122449,0.919642857142857,-0.00573979591836749
rf,a_FP_RHCP_rx2,51,0.90625,0.907047193877551,-0.000797193877550839
logistic,a_FP_LHCP_rx2,51,0.91390306122449,0.910076530612245,0.00382653061224492
rf,a_FP_LHCP_rx2,51,0.90625,0.89859693877551,0.00765306122448983
logistic,gamma_CP_rx1,52,0.91390306122449,0.895408163265306,0.0184948979591837
rf,gamma_CP_rx1,52,0.90625,0.907525510204081,-0.00127551020408145
logistic,gamma_CP_rx2,52,0.91390306122449,0.858099489795918,0.0558035714285713
rf,gamma_CP_rx2,52,0.90625,0.852997448979592,0.0532525510204083
logistic,a_FP_RHCP_rx1,52,0.91390306122449,0.908163265306122,0.00573979591836749
rf,a_FP_RHCP_rx1,52,0.90625,0.902582908163265,0.00366709183673497
logistic,a_FP_LHCP_rx1,52,0.91390306122449,0.856505102040816,0.0573979591836733
rf,a_FP_LHCP_rx1,52,0.90625,0.902423469387755,0.00382653061224492
logistic,a_FP_RHCP_rx2,52,0.91390306122449,0.919005102040816,-0.00510204081632648
rf,a_FP_RHCP_rx2,52,0.90625,0.905931122448979,0.000318877551020558
logistic,a_FP_LHCP_rx2,52,0.91390306122449,0.921556122448979,-0.00765306122448983
rf,a_FP_LHCP_rx2,52,0.90625,0.886639030612245,0.0196109693877552
logistic,gamma_CP_rx1,53,0.91390306122449,0.908163265306122,0.00573979591836737
rf,gamma_CP_rx1,53,0.90625,0.905293367346939,0.00095663265306134
logistic,gamma_CP_rx2,53,0.91390306122449,0.902423469387755,0.0114795918367345
rf,gamma_CP_rx2,53,0.90625,0.845025510204082,0.0612244897959182
logistic,a_FP_RHCP_rx1,53,0.91390306122449,0.914859693877551,-0.000956632653061229
rf,a_FP_RHCP_rx1,53,0.90625,0.905293367346939,0.00095663265306134
logistic,a_FP_LHCP_rx1,53,0.91390306122449,0.863839285714286,0.050063775510204
rf,a_FP_LHCP_rx1,53,0.90625,0.904336734693877,0.00191326530612257
logistic,a_FP_RHCP_rx2,53,0.91390306122449,0.916772959183673,-0.00286989795918369
rf,a_FP_RHCP_rx2,53,0.90625,0.906887755102041,-0.000637755102040671
logistic,a_FP_LHCP_rx2,53,0.91390306122449,0.912946428571428,0.000956632653061229
rf,a_FP_LHCP_rx2,53,0.90625,0.881536989795918,0.0247130102040817
logistic,gamma_CP_rx1,54,0.91390306122449,0.917410714285714,-0.00350765306122447
rf,gamma_CP_rx1,54,0.90625,0.91422193877551,-0.00797193877551006
logistic,gamma_CP_rx2,54,0.91390306122449,0.865114795918367,0.0487882653061223
rf,gamma_CP_rx2,54,0.90625,0.862723214285714,0.0435267857142857
logistic,a_FP_RHCP_rx1,54,0.91390306122449,0.889030612244898,0.0248724489795918
rf,a_FP_RHCP_rx1,54,0.90625,0.909279336734694,-0.00302933673469374
logistic,a_FP_LHCP_rx1,54,0.91390306122449,0.827487244897959,0.0864158163265304
rf,a_FP_LHCP_rx1,54,0.90625,0.908322704081633,-0.00207270408163263
logistic,a_FP_RHCP_rx2,54,0.91390306122449,0.91390306122449,0
rf,a_FP_RHCP_rx2,54,0.90625,0.902423469387755,0.00382653061224503
logistic,a_FP_LHCP_rx2,54,0.91390306122449,0.900191326530612,0.0137117346938774
rf,a_FP_LHCP_rx2,54,0.90625,0.893813775510204,0.0124362244897961
logistic,gamma_CP_rx1,55,0.91390306122449,0.897959183673469,0.0159438775510204
rf,gamma_CP_rx1,55,0.90625,0.911670918367347,-0.00542091836734682
logistic,gamma_CP_rx2,55,0.91390306122449,0.880420918367347,0.0334821428571428
rf,gamma_CP_rx2,55,0.90625,0.858099489795918,0.0481505102040816
logistic,a_FP_RHCP_rx1,55,0.91390306122449,0.890306122448979,0.0235969387755103
rf,a_FP_RHCP_rx1,55,0.90625,0.900031887755102,0.0062181122448981
logistic,a_FP_LHCP_rx1,55,0.91390306122449,0.827487244897959,0.0864158163265304
rf,a_FP_LHCP_rx1,55,0.90625,0.901785714285714,0.00446428571428581
logistic,a_FP_RHCP_rx2,55,0.91390306122449,0.914859693877551,-0.000956632653061229
rf,a_FP_RHCP_rx2,55,0.90625,0.904017857142857,0.00223214285714313
logistic,a_FP_LHCP_rx2,55,0.91390306122449,0.919005102040816,-0.00510204081632659
rf,a_FP_LHCP_rx2,55,0.90625,0.919642857142857,-0.0133928571428572
logistic,gamma_CP_rx1,56,0.91390306122449,0.902104591836735,0.0117984693877551
rf,gamma_CP_rx1,56,0.90625,0.911033163265306,-0.00478316326530592
logistic,gamma_CP_rx2,56,0.91390306122449,0.880739795918367,0.0331632653061225
rf,gamma_CP_rx2,56,0.90625,0.859375,0.0468749999999999
logistic,a_FP_RHCP_rx1,56,0.91390306122449,0.904336734693877,0.00956632653061218
rf,a_FP_RHCP_rx1,56,0.90625,0.902104591836735,0.00414540816326547
logistic,a_FP_LHCP_rx1,56,0.91390306122449,0.837053571428571,0.0768494897959182
rf,a_FP_LHCP_rx1,56,0.90625,0.903539540816326,0.00271045918367374
logistic,a_FP_RHCP_rx2,56,0.91390306122449,0.916135204081633,-0.00223214285714302
rf,a_FP_RHCP_rx2,56,0.90625,0.908482142857143,-0.00223214285714279
logistic,a_FP_LHCP_rx2,56,0.91390306122449,0.906887755102041,0.00701530612244894
rf,a_FP_LHCP_rx2,56,0.90625,0.904815051020408,0.00143494897959184
logistic,gamma_CP_rx1,57,0.91390306122449,0.904017857142857,0.00988520408163263
rf,gamma_CP_rx1,57,0.90625,0.909438775510204,-0.00318877551020391
logistic,gamma_CP_rx2,57,0.91390306122449,0.857780612244898,0.0561224489795917
rf,gamma_CP_rx2,57,0.90625,0.849808673469388,0.0564413265306124
logistic,a_FP_RHCP_rx1,57,0.91390306122449,0.875,0.0389030612244896
rf,a_FP_RHCP_rx1,57,0.90625,0.905931122448979,0.000318877551020558
logistic,a_FP_LHCP_rx1,57,0.91390306122449,0.831313775510204,0.0825892857142856
rf,a_FP_LHCP_rx1,57,0.90625,0.908482142857143,-0.00223214285714279
logistic,a_FP_RHCP_rx2,57,0.91390306122449,0.914859693877551,-0.000956632653061229
rf,a_FP_RHCP_rx2,57,0.90625,0.90640943877551,-0.000159438775510057
logistic,a_FP_LHCP_rx2,57,0.91390306122449,0.918048469387755,-0.00414540816326547
rf,a_FP_LHCP_rx2,57,0.90625,0.907366071428571,-0.00111607142857129
logistic,gamma_CP_rx1,58,0.91390306122449,0.901147959183674,0.0127551020408161
rf,gamma_CP_rx1,58,0.90625,0.916772959183673,-0.0105229591836733
logistic,gamma_CP_rx2,58,0.91390306122449,0.890625,0.0232780612244897
rf,gamma_CP_rx2,58,0.90625,0.861288265306122,0.0449617346938775
logistic,a_FP_RHCP_rx1,58,0.91390306122449,0.885204081632653,0.0286989795918366
rf,a_FP_RHCP_rx1,58,0.90625,0.904017857142857,0.00223214285714302
logistic,a_FP_LHCP_rx1,58,0.91390306122449,0.839923469387755,0.0739795918367345
rf,a_FP_LHCP_rx1,58,0.90625,0.899872448979592,0.00637755102040827
logistic,a_FP_RHCP_rx2,58,0.91390306122449,0.914540816326531,-0.000637755102040893
rf,a_FP_RHCP_rx2,58,0.90625,0.908322704081633,-0.00207270408163251
logistic,a_FP_LHCP_rx2,58,0.91390306122449,0.915178571428571,-0.00127551020408168
rf,a_FP_LHCP_rx2,58,0.90625,0.886320153061224,0.0199298469387756
logistic,gamma_CP_rx1,59,0.91390306122449,0.907844387755102,0.00605867346938782
rf,gamma_CP_rx1,59,0.90625,0.913584183673469,-0.00733418367346927
logistic,gamma_CP_rx2,59,0.91390306122449,0.889668367346939,0.0242346938775511
rf,gamma_CP_rx2,59,0.90625,0.861128826530612,0.0451211734693877
logistic,a_FP_RHCP_rx1,59,0.91390306122449,0.915816326530612,-0.00191326530612246
rf,a_FP_RHCP_rx1,59,0.90625,0.905771683673469,0.000478316326530726
logistic,a_FP_LHCP_rx1,59,0.91390306122449,0.841836734693878,0.0720663265306121
rf,a_FP_LHCP_rx1,59,0.90625,0.896843112244898,0.00940688775510212
logistic,a_FP_RHCP_rx2,59,0.91390306122449,0.918048469387755,-0.00414540816326525
rf,a_FP_RHCP_rx2,59,0.90625,0.904496173469387,0.00175382653061251
logistic,a_FP_LHCP_rx2,59,0.91390306122449,0.911670918367347,0.00223214285714279
rf,a_FP_LHCP_rx2,59,0.90625,0.885522959183673,0.0207270408163267
logistic,gamma_CP_rx1,60,0.91390306122449,0.899872448979592,0.0140306122448978
rf,gamma_CP_rx1,60,0.90625,0.919483418367347,-0.013233418367347
logistic,gamma_CP_rx2,60,0.91390306122449,0.895408163265306,0.0184948979591836
rf,gamma_CP_rx2,60,0.90625,0.859375,0.0468750000000001
logistic,a_FP_RHCP_rx1,60,0.91390306122449,0.918048469387755,-0.00414540816326525
rf,a_FP_RHCP_rx1,60,0.90625,0.906728316326531,-0.000478316326530503
logistic,a_FP_LHCP_rx1,60,0.91390306122449,0.865433673469388,0.0484693877551018
rf,a_FP_LHCP_rx1,60,0.90625,0.902742346938775,0.00350765306122458
logistic,a_FP_RHCP_rx2,60,0.91390306122449,0.915178571428571,-0.00127551020408179
rf,a_FP_RHCP_rx2,60,0.90625,0.904655612244898,0.00159438775510223
logistic,a_FP_LHCP_rx2,60,0.91390306122449,0.902423469387755,0.0114795918367346
rf,a_FP_LHCP_rx2,60,0.90625,0.918048469387755,-0.0117984693877552
logistic,gamma_CP_rx1,61,0.91390306122449,0.901147959183673,0.0127551020408163
rf,gamma_CP_rx1,61,0.90625,0.915338010204082,-0.00908801020408168
logistic,gamma_CP_rx2,61,0.91390306122449,0.883290816326531,0.030612244897959
rf,gamma_CP_rx2,61,0.90625,0.859375,0.046875
logistic,a_FP_RHCP_rx1,61,0.91390306122449,0.894132653061224,0.0197704081632654
rf,a_FP_RHCP_rx1,61,0.90625,0.905931122448979,0.000318877551020669
logistic,a_FP_LHCP_rx1,61,0.91390306122449,0.854910714285714,0.0589923469387754
rf,a_FP_LHCP_rx1,61,0.90625,0.894292091836735,0.0119579081632655
logistic,a_FP_RHCP_rx2,61,0.91390306122449,0.917091836734694,-0.00318877551020413
rf,a_FP_RHCP_rx2,61,0.90625,0.905293367346939,0.000956632653061451
logistic,a_FP_LHCP_rx2,61,0.91390306122449,0.905293367346939,0.00860969387755084
rf,a_FP_LHCP_rx2,61,0.90625,0.893494897959183,0.0127551020408165
logistic,gamma_CP_rx1,62,0.91390306122449,0.914859693877551,-0.000956632653061118
rf,gamma_CP_rx1,62,0.90625,0.911033163265306,-0.00478316326530592
logistic,gamma_CP_rx2,62,0.91390306122449,0.884566326530612,0.0293367346938774
rf,gamma_CP_rx2,62,0.90625,0.849968112244898,0.0562818877551019
logistic,a_FP_RHCP_rx1,62,0.91390306122449,0.904017857142857,0.00988520408163251
rf,a_FP_RHCP_rx1,62,0.90625,0.905293367346939,0.000956632653061451
logistic,a_FP_LHCP_rx1,62,0.91390306122449,0.83577806122449,0.0781249999999998
rf,a_FP_LHCP_rx1,62,0.90625,0.903539540816326,0.00271045918367363
logistic,a_FP_RHCP_rx2,62,0.91390306122449,0.919323979591837,-0.00542091836734693
rf,a_FP_RHCP_rx2,62,0.90625,0.904974489795918,0.00127551020408179
logistic,a_FP_LHCP_rx2,62,0.91390306122449,0.911033163265306,0.00286989795918358
rf,a_FP_LHCP_rx2,62,0.90625,0.888871173469388,0.0173788265306123
logistic,gamma_CP_rx1,63,0.91390306122449,0.905612244897959,0.00829081632653073
rf,gamma_CP_rx1,63,0.90625,0.908960459183673,-0.0027104591836733
logistic,gamma_CP_rx2,63,0.91390306122449,0.904336734693878,0.00956632653061207
rf,gamma_CP_rx2,63,0.90625,0.833227040816327,0.0730229591836734
logistic,a_FP_RHCP_rx1,63,0.91390306122449,0.887755102040816,0.0261479591836735
rf,a_FP_RHCP_rx1,63,0.90625,0.903380102040816,0.0028698979591838
logistic,a_FP_LHCP_rx1,63,0.91390306122449,0.854910714285714,0.0589923469387754
rf,a_FP_LHCP_rx1,63,0.90625,0.89859693877551,0.00765306122449005
logistic,a_FP_RHCP_rx2,63,0.91390306122449,0.913265306122449,0.000637755102040782
rf,a_FP_RHCP_rx2,63,0.90625,0.905612244897959,0.000637755102040893
logistic,a_FP_LHCP_rx2,63,0.91390306122449,0.919961734693878,-0.00605867346938793
rf,a_FP_LHCP_rx2,63,0.90625,0.899553571428572,0.00669642857142849
logistic,gamma_CP_rx1,64,0.91390306122449,0.894770408163265,0.0191326530612244
rf,gamma_CP_rx1,64,0.90625,0.910395408163265,-0.00414540816326514
logistic,gamma_CP_rx2,64,0.91390306122449,0.866709183673469,0.0471938775510202
rf,gamma_CP_rx2,64,0.90625,0.852997448979592,0.053252551020408
logistic,a_FP_RHCP_rx1,64,0.91390306122449,0.916135204081633,-0.00223214285714302
rf,a_FP_RHCP_rx1,64,0.90625,0.90640943877551,-0.000159438775510057
logistic,a_FP_LHCP_rx1,64,0.91390306122449,0.844706632653061,0.0691964285714286
rf,a_FP_LHCP_rx1,64,0.90625,0.900988520408163,0.00526147959183687
logistic,a_FP_RHCP_rx2,64,0.91390306122449,0.911670918367347,0.00223214285714279
rf,a_FP_RHCP_rx2,64,0.90625,0.90640943877551,-0.000159438775510057
logistic,a_FP_LHCP_rx2,64,0.91390306122449,0.912946428571428,0.000956632653061229
rf,a_FP_LHCP_rx2,64,0.90625,0.888711734693877,0.0175382653061226
logistic,gamma_CP_rx1,65,0.91390306122449,0.912308673469387,0.00159438775510212
rf,gamma_CP_rx1,65,0.90625,0.90625,2.22044604925031e-16
logistic,gamma_CP_rx2,65,0.91390306122449,0.864158163265306,0.0497448979591835
rf,gamma_CP_rx2,65,0.90625,0.855867346938775,0.0503826530612246
logistic,a_FP_RHCP_rx1,65,0.91390306122449,0.905612244897959,0.0082908163265305
rf,a_FP_RHCP_rx1,65,0.90625,0.905452806122449,0.000797193877551283
logistic,a_FP_LHCP_rx1,65,0.91390306122449,0.865114795918367,0.0487882653061223
rf,a_FP_LHCP_rx1,65,0.90625,0.907525510204081,-0.00127551020408145
logistic,a_FP_RHCP_rx2,65,0.91390306122449,0.909757653061224,0.00414540816326525
rf,a_FP_RHCP_rx2,65,0.90625,0.908801020408163,-0.00255102040816313
logistic,a_FP_LHCP_rx2,65,0.91390306122449,0.920599489795918,-0.00669642857142871
rf,a_FP_LHCP_rx2,65,0.90625,0.900510204081633,0.00573979591836749
logistic,gamma_CP_rx1,66,0.91390306122449,0.901785714285714,0.0121173469387754
rf,gamma_CP_rx1,66,0.90625,0.904815051020408,0.00143494897959207
logistic,gamma_CP_rx2,66,0.91390306122449,0.887117346938776,0.026785714285714
rf,gamma_CP_rx2,66,0.90625,0.84406887755102,0.0621811224489797
logistic,a_FP_RHCP_rx1,66,0.91390306122449,0.916454081632653,-0.00255102040816313
rf,a_FP_RHCP_rx1,66,0.90625,0.904017857142857,0.0022321428571429
logistic,a_FP_LHCP_rx1,66,0.91390306122449,0.87468112244898,0.0392219387755099
rf,a_FP_LHCP_rx1,66,0.90625,0.907525510204082,-0.00127551020408156
logistic,a_FP_RHCP_rx2,66,0.91390306122449,0.913584183673469,0.000318877551020336
rf,a_FP_RHCP_rx2,66,0.90625,0.903380102040816,0.00286989795918369
logistic,a_FP_LHCP_rx2,66,0.91390306122449,0.902423469387755,0.0114795918367345
rf,a_FP_LHCP_rx2,66,0.90625,0.892219387755102,0.0140306122448982
logistic,gamma_CP_rx1,67,0.91390306122449,0.897002551020408,0.0169005102040816
rf,gamma_CP_rx1,67,0.90625,0.91390306122449,-0.00765306122448961
logistic,gamma_CP_rx2,67,0.91390306122449,0.881696428571428,0.0322066326530611
rf,gamma_CP_rx2,67,0.90625,0.846779336734694,0.0594706632653061
logistic,a_FP_RHCP_rx1,67,0.91390306122449,0.896364795918367,0.0175382653061225
rf,a_FP_RHCP_rx1,67,0.90625,0.905293367346939,0.000956632653061451
logistic,a_FP_LHCP_rx1,67,0.91390306122449,0.848214285714286,0.065688775510204
rf,a_FP_LHCP_rx1,67,0.90625,0.894929846938775,0.0113201530612246
logistic,a_FP_RHCP_rx2,67,0.91390306122449,0.915178571428571,-0.00127551020408179
rf,a_FP_RHCP_rx2,67,0.90625,0.904496173469387,0.00175382653061251
logistic,a_FP_LHCP_rx2,67,0.91390306122449,0.895727040816326,0.0181760204081631
rf,a_FP_LHCP_rx2,67,0.90625,0.884247448979592,0.022002551020408
logistic,gamma_CP_rx1,68,0.91390306122449,0.912946428571428,0.000956632653061229
rf,gamma_CP_rx1,68,0.90625,0.903220663265306,0.00302933673469408
logistic,gamma_CP_rx2,68,0.91390306122449,0.897959183673469,0.0159438775510203
rf,gamma_CP_rx2,68,0.90625,0.848373724489796,0.057876275510204
logistic,a_FP_RHCP_rx1,68,0.91390306122449,0.899234693877551,0.0146683673469387
rf,a_FP_RHCP_rx1,68,0.90625,0.909438775510204,-0.00318877551020402
logistic,a_FP_LHCP_rx1,68,0.91390306122449,0.84343112244898,0.0704719387755101
rf,a_FP_LHCP_rx1,68,0.90625,0.899394132653061,0.00685586734693888
logistic,a_FP_RHCP_rx2,68,0.91390306122449,0.916135204081633,-0.0022321428571429
rf,a_FP_RHCP_rx2,68,0.90625,0.905612244897959,0.000637755102041004
logistic,a_FP_LHCP_rx2,68,0.91390306122449,0.911989795918367,0.00191326530612246
rf,a_FP_LHCP_rx2,68,0.90625,0.878348214285714,0.0279017857142858
logistic,gamma_CP_rx1,69,0.91390306122449,0.892538265306122,0.0213647959183674
rf,gamma_CP_rx1,69,0.90625,0.903698979591837,0.00255102040816335
logistic,gamma_CP_rx2,69,0.91390306122449,0.860650510204082,0.053252551020408
rf,gamma_CP_rx2,69,0.90625,0.847417091836735,0.0588329081632653
logistic,a_FP_RHCP_rx1,69,0.91390306122449,0.890625,0.0232780612244898
rf,a_FP_RHCP_rx1,69,0.90625,0.903380102040816,0.00286989795918369
logistic,a_FP_LHCP_rx1,69,0.91390306122449,0.811862244897959,0.102040816326531
rf,a_FP_LHCP_rx1,69,0.90625,0.907525510204082,-0.00127551020408156
logistic,a_FP_RHCP_rx2,69,0.91390306122449,0.914859693877551,-0.000956632653061229
rf,a_FP_RHCP_rx2,69,0.90625,0.905931122448979,0.000318877551020669
logistic,a_FP_LHCP_rx2,69,0.91390306122449,0.909119897959184,0.00478316326530603
rf,a_FP_LHCP_rx2,69,0.90625,0.89859693877551,0.00765306122448983
logistic,gamma_CP_rx1,70,0.91390306122449,0.900829081632653,0.0130739795918366
rf,gamma_CP_rx1,70,0.90625,0.905612244897959,0.000637755102041115
logistic,gamma_CP_rx2,70,0.91390306122449,0.891581632653061,0.0223214285714284
rf,gamma_CP_rx2,70,0.90625,0.854591836734694,0.0516581632653064
logistic,a_FP_RHCP_rx1,70,0.91390306122449,0.893813775510204,0.0200892857142858
rf,a_FP_RHCP_rx1,70,0.90625,0.913265306122449,-0.00701530612244883
logistic,a_FP_LHCP_rx1,70,0.91390306122449,0.818239795918367,0.0956632653061222
rf,a_FP_LHCP_rx1,70,0.90625,0.908163265306122,-0.00191326530612235
logistic,a_FP_RHCP_rx2,70,0.91390306122449,0.919323979591836,-0.00542091836734682
rf,a_FP_RHCP_rx2,70,0.90625,0.905293367346939,0.000956632653061451
logistic,a_FP_LHCP_rx2,70,0.91390306122449,0.913584183673469,0.000318877551020447
rf,a_FP_LHCP_rx2,70,0.90625,0.887117346938776,0.0191326530612245
logistic,gamma_CP_rx1,71,0.91390306122449,0.923469387755102,-0.00956632653061229
rf,gamma_CP_rx1,71,0.90625,0.903858418367347,0.00239158163265318
logistic,gamma_CP_rx2,71,0.91390306122449,0.853635204081633,0.060267857142857
rf,gamma_CP_rx2,71,0.90625,0.855229591836735,0.0510204081632655
logistic,a_FP_RHCP_rx1,71,0.91390306122449,0.89891581632653,0.0149872448979592
rf,a_FP_RHCP_rx1,71,0.90625,0.900350765306122,0.00589923469387765
logistic,a_FP_LHCP_rx1,71,0.91390306122449,0.854910714285714,0.0589923469387753
rf,a_FP_LHCP_rx1,71,0.90625,0.911830357142857,-0.00558035714285698
logistic,a_FP_RHCP_rx2,71,0.91390306122449,0.911989795918367,0.00191326530612246
rf,a_FP_RHCP_rx2,71,0.90625,0.905133928571428,0.00111607142857162
logistic,a_FP_LHCP_rx2,71,0.91390306122449,0.90625,0.00765306122448972
rf,a_FP_LHCP_rx2,71,0.90625,0.880420918367347,0.025829081632653
logistic,gamma_CP_rx1,72,0.91390306122449,0.902742346938775,0.0111607142857143
rf,gamma_CP_rx1,72,0.90625,0.90656887755102,-0.000318877551020336
logistic,gamma_CP_rx2,72,0.91390306122449,0.889668367346939,0.024234693877551
rf,gamma_CP_rx2,72,0.90625,0.858418367346939,0.0478316326530612
logistic,a_FP_RHCP_rx1,72,0.91390306122449,0.91390306122449,-1.11022302462516e-16
rf,a_FP_RHCP_rx1,72,0.90625,0.902423469387755,0.00382653061224514
logistic,a_FP_LHCP_rx1,72,0.91390306122449,0.87468112244898,0.0392219387755101
rf,a_FP_LHCP_rx1,72,0.90625,0.899713010204082,0.00653698979591844
logistic,a_FP_RHCP_rx2,72,0.91390306122449,0.916135204081633,-0.0022321428571429
rf,a_FP_RHCP_rx2,72,0.90625,0.903220663265306,0.00302933673469408
logistic,a_FP_LHCP_rx2,72,0.91390306122449,0.917729591836735,-0.00382653061224503
rf,a_FP_LHCP_rx2,72,0.90625,0.891262755102041,0.0149872448979593
logistic,gamma_CP_rx1,73,0.91390306122449,0.907844387755102,0.00605867346938771
rf,gamma_CP_rx1,73,0.90625,0.90609056122449,0.000159438775510279
logistic,gamma_CP_rx2,73,0.91390306122449,0.873086734693878,0.0408163265306118
rf,gamma_CP_rx2,73,0.90625,0.875,0.03125
logistic,a_FP_RHCP_rx1,73,0.91390306122449,0.907525510204081,0.00637755102040816
rf,a_FP_RHCP_rx1,73,0.90625,0.903061224489796,0.00318877551020424
logistic,a_FP_LHCP_rx1,73,0.91390306122449,0.849170918367347,0.0647321428571428
rf,a_FP_LHCP_rx1,73,0.90625,0.901466836734694,0.00478316326530626
logistic,a_FP_RHCP_rx2,73,0.91390306122449,0.911670918367347,0.00223214285714279
rf,a_FP_RHCP_rx2,73,0.90625,0.902901785714286,0.00334821428571441
logistic,a_FP_LHCP_rx2,73,0.91390306122449,0.900510204081633,0.013392857142857
rf,a_FP_LHCP_rx2,73,0.90625,0.889668367346939,0.0165816326530615
logistic,gamma_CP_rx1,74,0.91390306122449,0.899553571428571,0.0143494897959182
rf,gamma_CP_rx1,74,0.90625,0.911830357142857,-0.00558035714285698
logistic,gamma_CP_rx2,74,0.91390306122449,0.873724489795918,0.0401785714285714
rf,gamma_CP_rx2,74,0.90625,0.854751275510204,0.0514987244897959
logistic,a_FP_RHCP_rx1,74,0.91390306122449,0.911989795918367,0.00191326530612235
rf,a_FP_RHCP_rx1,74,0.90625,0.907844387755102,-0.0015943877551019
logistic,a_FP_LHCP_rx1,74,0.91390306122449,0.794323979591837,0.119579081632653
rf,a_FP_LHCP_rx1,74,0.90625,0.902582908163265,0.00366709183673475
logistic,a_FP_RHCP_rx2,74,0.91390306122449,0.91422193877551,-0.000318877551020336
rf,a_FP_RHCP_rx2,74,0.90625,0.90625,1.11022302462516e-16
logistic,a_FP_LHCP_rx2,74,0.91390306122449,0.918686224489796,-0.00478316326530615
rf,a_FP_LHCP_rx2,74,0.90625,0.899394132653061,0.00685586734693888
logistic,gamma_CP_rx1,75,0.91390306122449,0.91454081632653,-0.000637755102040671
rf,gamma_CP_rx1,75,0.90625,0.908801020408163,-0.00255102040816313
logistic,gamma_CP_rx2,75,0.91390306122449,0.862563775510204,0.0513392857142856
rf,gamma_CP_rx2,75,0.90625,0.85140306122449,0.0548469387755102
logistic,a_FP_RHCP_rx1,75,0.91390306122449,0.899234693877551,0.0146683673469388
rf,a_FP_RHCP_rx1,75,0.90625,0.901307397959184,0.00494260204081642
logistic,a_FP_LHCP_rx1,75,0.91390306122449,0.830038265306122,0.0838647959183672
rf,a_FP_LHCP_rx1,75,0.90625,0.895248724489796,0.0110012755102042
logistic,a_FP_RHCP_rx2,75,0.91390306122449,0.916772959183673,-0.00286989795918369
rf,a_FP_RHCP_rx2,75,0.90625,0.907684948979592,-0.00143494897959162
logistic,a_FP_LHCP_rx2,75,0.91390306122449,0.907525510204082,0.00637755102040793
rf,a_FP_LHCP_rx2,75,0.90625,0.897321428571428,0.00892857142857162
logistic,gamma_CP_rx1,76,0.91390306122449,0.897959183673469,0.0159438775510201
rf,gamma_CP_rx1,76,0.90625,0.909119897959184,-0.00286989795918358
logistic,gamma_CP_rx2,76,0.91390306122449,0.900829081632653,0.0130739795918366
rf,gamma_CP_rx2,76,0.90625,0.856505102040816,0.0497448979591836
logistic,a_FP_RHCP_rx1,76,0.91390306122449,0.910076530612245,0.00382653061224469
rf,a_FP_RHCP_rx1,76,0.90625,0.90625,2.22044604925031e-16
logistic,a_FP_LHCP_rx1,76,0.91390306122449,0.834502551020408,0.0794005102040815
rf,a_FP_LHCP_rx1,76,0.90625,0.905931122448979,0.000318877551020558
logistic,a_FP_RHCP_rx2,76,0.91390306122449,0.912308673469388,0.0015943877551019
rf,a_FP_RHCP_rx2,76,0.90625,0.910235969387755,-0.00398596938775497
logistic,a_FP_LHCP_rx2,76,0.91390306122449,0.902742346938776,0.0111607142857141
rf,a_FP_LHCP_rx2,76,0.90625,0.893973214285714,0.0122767857142857
logistic,gamma_CP_rx1,77,0.91390306122449,0.911033163265306,0.00286989795918369
rf,gamma_CP_rx1,77,0.90625,0.899553571428571,0.00669642857142883
logistic,gamma_CP_rx2,77,0.91390306122449,0.854272959183673,0.0596301020408163
rf,gamma_CP_rx2,77,0.90625,0.875797193877551,0.0304528061224489
logistic,a_FP_RHCP_rx1,77,0.91390306122449,0.892219387755102,0.0216836734693877
rf,a_FP_RHCP_rx1,77,0.90625,0.907525510204082,-0.00127551020408156
logistic,a_FP_LHCP_rx1,77,0.91390306122449,0.87468112244898,0.0392219387755099
rf,a_FP_LHCP_rx1,77,0.90625,0.903380102040816,0.00286989795918391
logistic,a_FP_RHCP_rx2,77,0.91390306122449,0.918686224489796,-0.00478316326530615
rf,a_FP_RHCP_rx2,77,0.90625,0.903061224489796,0.00318877551020436
logistic,a_FP_LHCP_rx2,77,0.91390306122449,0.911989795918367,0.00191326530612246
rf,a_FP_LHCP_rx2,77,0.90625,0.900829081632653,0.00542091836734704
logistic,gamma_CP_rx1,78,0.91390306122449,0.89827806122449,0.015625
rf,gamma_CP_rx1,78,0.90625,0.899553571428571,0.0066964285714286
logistic,gamma_CP_rx2,78,0.91390306122449,0.852678571428571,0.0612244897959182
rf,gamma_CP_rx2,78,0.90625,0.847257653061224,0.0589923469387755
logistic,a_FP_RHCP_rx1,78,0.91390306122449,0.893494897959184,0.020408163265306
rf,a_FP_RHCP_rx1,78,0.90625,0.907366071428571,-0.00111607142857129
logistic,a_FP_LHCP_rx1,78,0.91390306122449,0.822066326530612,0.0918367346938774
rf,a_FP_LHCP_rx1,78,0.90625,0.897161989795918,0.00908801020408179
logistic,a_FP_RHCP_rx2,78,0.91390306122449,0.913584183673469,0.000318877551020336
rf,a_FP_RHCP_rx2,78,0.90625,0.907844387755102,-0.0015943877551019
logistic,a_FP_LHCP_rx2,78,0.91390306122449,0.908482142857143,0.00542091836734704
rf,a_FP_LHCP_rx2,78,0.90625,0.90656887755102,-0.000318877551020336
logistic,gamma_CP_rx1,79,0.91390306122449,0.886160714285714,0.0277423469387754
rf,gamma_CP_rx1,79,0.90625,0.913743622448979,-0.00749362244897944
logistic,gamma_CP_rx2,79,0.91390306122449,0.884247448979592,0.0296556122448978
rf,gamma_CP_rx2,79,0.90625,0.867825255102041,0.0384247448979593
logistic,a_FP_RHCP_rx1,79,0.91390306122449,0.888073979591837,0.0258290816326531
rf,a_FP_RHCP_rx1,79,0.90625,0.903380102040816,0.00286989795918369
logistic,a_FP_LHCP_rx1,79,0.91390306122449,0.818239795918367,0.0956632653061222
rf,a_FP_LHCP_rx1,79,0.90625,0.90625,1.11022302462516e-16
logistic,a_FP_RHCP_rx2,79,0.91390306122449,0.911033163265306,0.00286989795918369
rf,a_FP_RHCP_rx2,79,0.90625,0.906887755102041,-0.000637755102040782
logistic,a_FP_LHCP_rx2,79,0.91390306122449,0.900829081632653,0.0130739795918366
rf,a_FP_LHCP_rx2,79,0.90625,0.889190051020408,0.017059948979592
logistic,gamma_CP_rx1,80,0.91390306122449,0.895727040816326,0.0181760204081632
rf,gamma_CP_rx1,80,0.90625,0.905133928571429,0.0011160714285714
logistic,gamma_CP_rx2,80,0.91390306122449,0.881696428571428,0.0322066326530612
rf,gamma_CP_rx2,80,0.90625,0.864636479591837,0.0416135204081635
logistic,a_FP_RHCP_rx1,80,0.91390306122449,0.892857142857143,0.0210459183673468
rf,a_FP_RHCP_rx1,80,0.90625,0.908960459183673,-0.0027104591836733
logistic,a_FP_LHCP_rx1,80,0.91390306122449,0.845025510204082,0.068877551020408
rf,a_FP_LHCP_rx1,80,0.90625,0.90656887755102,-0.000318877551020336
logistic,a_FP_RHCP_rx2,80,0.91390306122449,0.919005102040816,-0.0051020408163267
rf,a_FP_RHCP_rx2,80,0.90625,0.905771683673469,0.000478316326530726
logistic,a_FP_LHCP_rx2,80,0.91390306122449,0.907206632653061,0.00669642857142849
rf,a_FP_LHCP_rx2,80,0.90625,0.903698979591837,0.00255102040816324
logistic,gamma_CP_rx1,81,0.91390306122449,0.910714285714286,0.00318877551020402
rf,gamma_CP_rx1,81,0.90625,0.917889030612245,-0.0116390306122449
logistic,gamma_CP_rx2,81,0.91390306122449,0.869579081632653,0.0443239795918366
rf,gamma_CP_rx2,81,0.90625,0.871173469387755,0.0350765306122451
logistic,a_FP_RHCP_rx1,81,0.91390306122449,0.892538265306122,0.0213647959183674
rf,a_FP_RHCP_rx1,81,0.90625,0.910076530612245,-0.00382653061224481
logistic,a_FP_LHCP_rx1,81,0.91390306122449,0.834821428571428,0.0790816326530612
rf,a_FP_LHCP_rx1,81,0.90625,0.903698979591837,0.00255102040816335
logistic,a_FP_RHCP_rx2,81,0.91390306122449,0.915497448979592,-0.00159438775510223
rf,a_FP_RHCP_rx2,81,0.90625,0.903061224489796,0.00318877551020424
logistic,a_FP_LHCP_rx2,81,0.91390306122449,0.900829081632653,0.0130739795918365
rf,a_FP_LHCP_rx2,81,0.90625,0.894610969387755,0.011639030612245
logistic,gamma_CP_rx1,82,0.91390306122449,0.898915816326531,0.0149872448979591
rf,gamma_CP_rx1,82,0.90625,0.902742346938775,0.00350765306122469
logistic,gamma_CP_rx2,82,0.91390306122449,0.867984693877551,0.0459183673469387
rf,gamma_CP_rx2,82,0.90625,0.848852040816326,0.0573979591836735
logistic,a_FP_RHCP_rx1,82,0.91390306122449,0.893813775510204,0.0200892857142857
rf,a_FP_RHCP_rx1,82,0.90625,0.902582908163265,0.00366709183673475
logistic,a_FP_LHCP_rx1,82,0.91390306122449,0.847895408163265,0.0660076530612245
rf,a_FP_LHCP_rx1,82,0.90625,0.91390306122449,-0.00765306122448961
logistic,a_FP_RHCP_rx2,82,0.91390306122449,0.917091836734694,-0.00318877551020424
rf,a_FP_RHCP_rx2,82,0.90625,0.90625,1.11022302462516e-16
logistic,a_FP_LHCP_rx2,82,0.91390306122449,0.902742346938775,0.0111607142857142
rf,a_FP_LHCP_rx2,82,0.90625,0.865752551020408,0.040497448979592
logistic,gamma_CP_rx1,83,0.91390306122449,0.896683673469388,0.017219387755102
rf,gamma_CP_rx1,83,0.90625,0.90625,2.22044604925031e-16
logistic,gamma_CP_rx2,83,0.91390306122449,0.864158163265306,0.0497448979591835
rf,gamma_CP_rx2,83,0.90625,0.860012755102041,0.0462372448979593
logistic,a_FP_RHCP_rx1,83,0.91390306122449,0.894451530612245,0.0194515306122449
rf,a_FP_RHCP_rx1,83,0.90625,0.908482142857143,-0.00223214285714268
logistic,a_FP_LHCP_rx1,83,0.91390306122449,0.862563775510204,0.0513392857142855
rf,a_FP_LHCP_rx1,83,0.90625,0.908960459183673,-0.0027104591836733
logistic,a_FP_RHCP_rx2,83,0.91390306122449,0.917091836734694,-0.00318877551020413
rf,a_FP_RHCP_rx2,83,0.90625,0.905931122448979,0.000318877551020558
logistic,a_FP_LHCP_rx2,83,0.91390306122449,0.915178571428571,-0.00127551020408179
rf,a_FP_LHCP_rx2,83,0.90625,0.885363520408163,0.0208864795918369
logistic,gamma_CP_rx1,84,0.91390306122449,0.914859693877551,-0.000956632653061229
rf,gamma_CP_rx1,84,0.90625,0.900988520408163,0.00526147959183676
logistic,gamma_CP_rx2,84,0.91390306122449,0.908163265306122,0.00573979591836726
rf,gamma_CP_rx2,84,0.90625,0.852838010204082,0.0534119897959184
logistic,a_FP_RHCP_rx1,84,0.91390306122449,0.898915816326531,0.014987244897959
rf,a_FP_RHCP_rx1,84,0.90625,0.904017857142857,0.00223214285714302
logistic,a_FP_LHCP_rx1,84,0.91390306122449,0.836734693877551,0.0771683673469387
rf,a_FP_LHCP_rx1,84,0.90625,0.893335459183673,0.0129145408163267
logistic,a_FP_RHCP_rx2,84,0.91390306122449,0.909119897959184,0.00478316326530603
rf,a_FP_RHCP_rx2,84,0.90625,0.90656887755102,-0.000318877551020225
logistic,a_FP_LHCP_rx2,84,0.91390306122449,0.916454081632653,-0.00255102040816335
rf,a_FP_LHCP_rx2,84,0.90625,0.893654336734694,0.0125956632653064
logistic,gamma_CP_rx1,85,0.91390306122449,0.928252551020408,-0.0143494897959184
rf,gamma_CP_rx1,85,0.90625,0.910235969387755,-0.00398596938775508
logistic,gamma_CP_rx2,85,0.91390306122449,0.905612244897959,0.0082908163265305
rf,gamma_CP_rx2,85,0.90625,0.865433673469388,0.0408163265306123
logistic,a_FP_RHCP_rx1,85,0.91390306122449,0.889668367346939,0.024234693877551
rf,a_FP_RHCP_rx1,85,0.90625,0.905771683673469,0.000478316326530726
logistic,a_FP_LHCP_rx1,85,0.91390306122449,0.838329081632653,0.0755739795918366
rf,a_FP_LHCP_rx1,85,0.90625,0.902901785714285,0.00334821428571452
logistic,a_FP_RHCP_rx2,85,0.91390306122449,0.917410714285714,-0.00350765306122458
rf,a_FP_RHCP_rx2,85,0.90625,0.903220663265306,0.00302933673469397
logistic,a_FP_LHCP_rx2,85,0.91390306122449,0.920280612244898,-0.00637755102040827
rf,a_FP_LHCP_rx2,85,0.90625,0.912946428571428,-0.00669642857142838
logistic,gamma_CP_rx1,86,0.91390306122449,0.903061224489796,0.0108418367346939
rf,gamma_CP_rx1,86,0.90625,0.916932397959183,-0.0106823979591835
logistic,gamma_CP_rx2,86,0.91390306122449,0.863839285714286,0.0500637755102039
rf,gamma_CP_rx2,86,0.90625,0.838807397959184,0.0674426020408163
logistic,a_FP_RHCP_rx1,86,0.91390306122449,0.919961734693877,-0.00605867346938771
rf,a_FP_RHCP_rx1,86,0.90625,0.905133928571428,0.00111607142857162
logistic,a_FP_LHCP_rx1,86,0.91390306122449,0.849170918367347,0.0647321428571428
rf,a_FP_LHCP_rx1,86,0.90625,0.904655612244898,0.00159438775510223
logistic,a_FP_RHCP_rx2,86,0.91390306122449,0.916135204081633,-0.0022321428571429
rf,a_FP_RHCP_rx2,86,0.90625,0.906728316326531,-0.000478316326530503
logistic,a_FP_LHCP_rx2,86,0.91390306122449,0.923788265306122,-0.00988520408163263
rf,a_FP_LHCP_rx2,86,0.90625,0.876434948979592,0.0298150510204085
logistic,gamma_CP_rx1,87,0.91390306122449,0.909757653061224,0.00414540816326525
rf,gamma_CP_rx1,87,0.90625,0.909598214285714,-0.00334821428571419
logistic,gamma_CP_rx2,87,0.91390306122449,0.864158163265306,0.0497448979591836
rf,gamma_CP_rx2,87,0.90625,0.866230867346939,0.0400191326530615
logistic,a_FP_RHCP_rx1,87,0.91390306122449,0.903061224489796,0.010841836734694
rf,a_FP_RHCP_rx1,87,0.90625,0.901945153061224,0.00430484693877564
logistic,a_FP_LHCP_rx1,87,0.91390306122449,0.844706632653061,0.0691964285714283
rf,a_FP_LHCP_rx1,87,0.90625,0.900350765306122,0.00589923469387765
logistic,a_FP_RHCP_rx2,87,0.91390306122449,0.919005102040816,-0.00510204081632659
rf,a_FP_RHCP_rx2,87,0.90625,0.904017857142857,0.00223214285714302
logistic,a_FP_LHCP_rx2,87,0.91390306122449,0.91390306122449,0
rf,a_FP_LHCP_rx2,87,0.90625,0.899553571428571,0.0066964285714286
logistic,gamma_CP_rx1,88,0.91390306122449,0.918686224489796,-0.00478316326530615
rf,gamma_CP_rx1,88,0.90625,0.910714285714286,-0.00446428571428559
logistic,gamma_CP_rx2,88,0.91390306122449,0.869260204081633,0.0446428571428571
rf,gamma_CP_rx2,88,0.90625,0.848214285714286,0.0580357142857144
logistic,a_FP_RHCP_rx1,88,0.91390306122449,0.89891581632653,0.0149872448979592
rf,a_FP_RHCP_rx1,88,0.90625,0.901626275510204,0.00462372448979609
logistic,a_FP_LHCP_rx1,88,0.91390306122449,0.841517857142857,0.0723852040816325
rf,a_FP_LHCP_rx1,88,0.90625,0.903220663265306,0.00302933673469397
logistic,a_FP_RHCP_rx2,88,0.91390306122449,0.918686224489796,-0.00478316326530615
rf,a_FP_RHCP_rx2,88,0.90625,0.908801020408163,-0.00255102040816324
logistic,a_FP_LHCP_rx2,88,0.91390306122449,0.909119897959183,0.00478316326530615
rf,a_FP_LHCP_rx2,88,0.90625,0.881377551020408,0.024872448979592
logistic,gamma_CP_rx1,89,0.91390306122449,0.904336734693877,0.00956632653061218
rf,gamma_CP_rx1,89,0.90625,0.908641581632653,-0.00239158163265285
logistic,gamma_CP_rx2,89,0.91390306122449,0.872767857142857,0.0411352040816324
rf,gamma_CP_rx2,89,0.90625,0.851084183673469,0.0551658163265306
logistic,a_FP_RHCP_rx1,89,0.91390306122449,0.898915816326531,0.0149872448979591
rf,a_FP_RHCP_rx1,89,0.90625,0.907206632653061,-0.000956632653061007
logistic,a_FP_LHCP_rx1,89,0.91390306122449,0.846619897959184,0.067283163265306
rf,a_FP_LHCP_rx1,89,0.90625,0.90640943877551,-0.000159438775510057
logistic,a_FP_RHCP_rx2,89,0.91390306122449,0.918367346938775,-0.00446428571428581
rf,a_FP_RHCP_rx2,89,0.90625,0.90625,2.22044604925031e-16
logistic,a_FP_LHCP_rx2,89,0.91390306122449,0.920280612244898,-0.00637755102040827
rf,a_FP_LHCP_rx2,89,0.90625,0.893813775510204,0.0124362244897961
logistic,gamma_CP_rx1,90,0.91390306122449,0.916772959183673,-0.0028698979591838
rf,gamma_CP_rx1,90,0.90625,0.910076530612245,-0.00382653061224469
logistic,gamma_CP_rx2,90,0.91390306122449,0.866390306122449,0.0475127551020408
rf,gamma_CP_rx2,90,0.90625,0.856664540816326,0.0495854591836735
logistic,a_FP_RHCP_rx1,90,0.91390306122449,0.90656887755102,0.00733418367346927
rf,a_FP_RHCP_rx1,90,0.90625,0.906887755102041,-0.00063775510204056
logistic,a_FP_LHCP_rx1,90,0.91390306122449,0.862244897959184,0.0516581632653059
rf,a_FP_LHCP_rx1,90,0.90625,0.908003826530612,-0.00175382653061207
logistic,a_FP_RHCP_rx2,90,0.91390306122449,0.916772959183673,-0.00286989795918369
rf,a_FP_RHCP_rx2,90,0.90625,0.903539540816326,0.00271045918367363
logistic,a_FP_LHCP_rx2,90,0.91390306122449,0.911989795918367,0.00191326530612235
rf,a_FP_LHCP_rx2,90,0.90625,0.896045918367347,0.0102040816326532
logistic,gamma_CP_rx1,91,0.91390306122449,0.907206632653061,0.00669642857142849
rf,gamma_CP_rx1,91,0.90625,0.906728316326531,-0.000478316326530503
logistic,gamma_CP_rx2,91,0.91390306122449,0.860012755102041,0.0538903061224488
rf,gamma_CP_rx2,91,0.90625,0.85921556122449,0.0470344387755103
logistic,a_FP_RHCP_rx1,91,0.91390306122449,0.909757653061224,0.00414540816326525
rf,a_FP_RHCP_rx1,91,0.90625,0.904017857142857,0.00223214285714302
logistic,a_FP_LHCP_rx1,91,0.91390306122449,0.796875,0.117028061224489
rf,a_FP_LHCP_rx1,91,0.90625,0.894610969387755,0.011639030612245
logistic,a_FP_RHCP_rx2,91,0.91390306122449,0.915497448979592,-0.00159438775510212
rf,a_FP_RHCP_rx2,91,0.90625,0.907366071428571,-0.0011160714285714
logistic,a_FP_LHCP_rx2,91,0.91390306122449,0.928890306122449,-0.0149872448979592
rf,a_FP_LHCP_rx2,91,0.90625,0.887117346938775,0.0191326530612246
logistic,gamma_CP_rx1,92,0.91390306122449,0.92219387755102,-0.00829081632653061
rf,gamma_CP_rx1,92,0.90625,0.900988520408163,0.00526147959183687
logistic,gamma_CP_rx2,92,0.91390306122449,0.902104591836735,0.0117984693877549
rf,gamma_CP_rx2,92,0.90625,0.856505102040816,0.0497448979591838
logistic,a_FP_RHCP_rx1,92,0.91390306122449,0.906887755102041,0.00701530612244894
rf,a_FP_RHCP_rx1,92,0.90625,0.903539540816326,0.00271045918367363
logistic,a_FP_LHCP_rx1,92,0.91390306122449,0.857142857142857,0.0567602040816325
rf,a_FP_LHCP_rx1,92,0.90625,0.909438775510204,-0.00318877551020413
logistic,a_FP_RHCP_rx2,92,0.91390306122449,0.910714285714286,0.00318877551020402
rf,a_FP_RHCP_rx2,92,0.90625,0.905771683673469,0.000478316326530837
logistic,a_FP_LHCP_rx2,92,0.91390306122449,0.900510204081632,0.0133928571428572
rf,a_FP_LHCP_rx2,92,0.90625,0.909279336734694,-0.00302933673469363
logistic,gamma_CP_rx1,93,0.91390306122449,0.904336734693877,0.00956632653061229
rf,gamma_CP_rx1,93,0.90625,0.911033163265306,-0.00478316326530592
logistic,gamma_CP_rx2,93,0.91390306122449,0.851084183673469,0.0628188775510204
rf,gamma_CP_rx2,93,0.90625,0.856186224489796,0.0500637755102041
logistic,a_FP_RHCP_rx1,93,0.91390306122449,0.910395408163265,0.00350765306122436
rf,a_FP_RHCP_rx1,93,0.90625,0.899394132653061,0.00685586734693899
logistic,a_FP_LHCP_rx1,93,0.91390306122449,0.819196428571429,0.094706632653061
rf,a_FP_LHCP_rx1,93,0.90625,0.912786989795918,-0.00653698979591821
logistic,a_FP_RHCP_rx2,93,0.91390306122449,0.919642857142857,-0.00573979591836737
rf,a_FP_RHCP_rx2,93,0.90625,0.904815051020408,0.00143494897959195
logistic,a_FP_LHCP_rx2,93,0.91390306122449,0.915497448979592,-0.00159438775510212
rf,a_FP_LHCP_rx2,93,0.90625,0.895408163265306,0.010841836734694
logistic,gamma_CP_rx1,94,0.91390306122449,0.904655612244898,0.00924744897959162
rf,gamma_CP_rx1,94,0.90625,0.91438137755102,-0.00813137755102022
logistic,gamma_CP_rx2,94,0.91390306122449,0.872767857142857,0.0411352040816325
rf,gamma_CP_rx2,94,0.90625,0.859375,0.046875
logistic,a_FP_RHCP_rx1,94,0.91390306122449,0.897002551020408,0.0169005102040816
rf,a_FP_RHCP_rx1,94,0.90625,0.904655612244898,0.00159438775510212
logistic,a_FP_LHCP_rx1,94,0.91390306122449,0.837372448979592,0.0765306122448979
rf,a_FP_LHCP_rx1,94,0.90625,0.90593112244898,0.000318877551020447
logistic,a_FP_RHCP_rx2,94,0.91390306122449,0.917410714285714,-0.00350765306122447
rf,a_FP_RHCP_rx2,94,0.90625,0.905293367346939,0.00095663265306134
logistic,a_FP_LHCP_rx2,94,0.91390306122449,0.901147959183673,0.0127551020408163
rf,a_FP_LHCP_rx2,94,0.90625,0.884247448979592,0.0220025510204083
logistic,gamma_CP_rx1,95,0.91390306122449,0.910714285714285,0.00318877551020413
rf,gamma_CP_rx1,95,0.90625,0.911830357142857,-0.00558035714285698
logistic,gamma_CP_rx2,95,0.91390306122449,0.864477040816326,0.0494260204081631
rf,gamma_CP_rx2,95,0.90625,0.852359693877551,0.053890306122449
logistic,a_FP_RHCP_rx1,95,0.91390306122449,0.902104591836735,0.0117984693877551
rf,a_FP_RHCP_rx1,95,0.90625,0.902104591836735,0.00414540816326547
logistic,a_FP_LHCP_rx1,95,0.91390306122449,0.837372448979592,0.0765306122448979
rf,a_FP_LHCP_rx1,95,0.90625,0.909279336734694,-0.00302933673469385
logistic,a_FP_RHCP_rx2,95,0.91390306122449,0.913584183673469,0.000318877551020447
rf,a_FP_RHCP_rx2,95,0.90625,0.905931122448979,0.000318877551020558
logistic,a_FP_LHCP_rx2,95,0.91390306122449,0.911352040816326,0.00255102040816324
rf,a_FP_LHCP_rx2,95,0.90625,0.907844387755102,-0.00159438775510201
logistic,gamma_CP_rx1,96,0.91390306122449,0.889987244897959,0.0239158163265306
rf,gamma_CP_rx1,96,0.90625,0.909757653061224,-0.00350765306122436
logistic,gamma_CP_rx2,96,0.91390306122449,0.872767857142857,0.0411352040816326
rf,gamma_CP_rx2,96,0.90625,0.854272959183674,0.0519770408163264
logistic,a_FP_RHCP_rx1,96,0.91390306122449,0.897640306122449,0.0162627551020409
rf,a_FP_RHCP_rx1,96,0.90625,0.903380102040816,0.0028698979591838
logistic,a_FP_LHCP_rx1,96,0.91390306122449,0.841198979591837,0.0727040816326529
rf,a_FP_LHCP_rx1,96,0.90625,0.916294642857143,-0.0100446428571426
logistic,a_FP_RHCP_rx2,96,0.91390306122449,0.917091836734694,-0.00318877551020402
rf,a_FP_RHCP_rx2,96,0.90625,0.902742346938775,0.00350765306122469
logistic,a_FP_LHCP_rx2,96,0.91390306122449,0.906887755102041,0.00701530612244894
rf,a_FP_LHCP_rx2,96,0.90625,0.89094387755102,0.0153061224489796
logistic,gamma_CP_rx1,97,0.91390306122449,0.913265306122449,0.000637755102040671
rf,gamma_CP_rx1,97,0.90625,0.907366071428571,-0.00111607142857129
logistic,gamma_CP_rx2,97,0.91390306122449,0.867665816326531,0.0462372448979591
rf,gamma_CP_rx2,97,0.90625,0.865433673469388,0.0408163265306123
logistic,a_FP_RHCP_rx1,97,0.91390306122449,0.903698979591837,0.010204081632653
rf,a_FP_RHCP_rx1,97,0.90625,0.904336734693877,0.00191326530612257
logistic,a_FP_LHCP_rx1,97,0.91390306122449,0.833864795918367,0.0800382653061223
rf,a_FP_LHCP_rx1,97,0.90625,0.922512755102041,-0.0162627551020408
logistic,a_FP_RHCP_rx2,97,0.91390306122449,0.91390306122449,0
rf,a_FP_RHCP_rx2,97,0.90625,0.907206632653061,-0.000956632653061118
logistic,a_FP_LHCP_rx2,97,0.91390306122449,0.905612244897959,0.00829081632653061
rf,a_FP_LHCP_rx2,97,0.90625,0.880899234693877,0.0253507653061227
logistic,gamma_CP_rx1,98,0.91390306122449,0.911989795918367,0.00191326530612224
rf,gamma_CP_rx1,98,0.90625,0.904336734693877,0.00191326530612257
logistic,gamma_CP_rx2,98,0.91390306122449,0.877551020408163,0.0363520408163265
rf,gamma_CP_rx2,98,0.90625,0.853954081632653,0.052295918367347
logistic,a_FP_RHCP_rx1,98,0.91390306122449,0.881377551020408,0.0325255102040816
rf,a_FP_RHCP_rx1,98,0.90625,0.905293367346939,0.000956632653061229
logistic,a_FP_LHCP_rx1,98,0.91390306122449,0.848852040816327,0.065051020408163
rf,a_FP_LHCP_rx1,98,0.90625,0.907047193877551,-0.000797193877550839
logistic,a_FP_RHCP_rx2,98,0.91390306122449,0.91422193877551,-0.000318877551020447
rf,a_FP_RHCP_rx2,98,0.90625,0.90656887755102,-0.000318877551020114
logistic,a_FP_LHCP_rx2,98,0.91390306122449,0.905931122448979,0.00797193877551017
rf,a_FP_LHCP_rx2,98,0.90625,0.878826530612245,0.0274234693877552
logistic,gamma_CP_rx1,99,0.91390306122449,0.902742346938775,0.0111607142857143
rf,gamma_CP_rx1,99,0.90625,0.911033163265306,-0.00478316326530592
logistic,gamma_CP_rx2,99,0.91390306122449,0.885204081632653,0.0286989795918366
rf,gamma_CP_rx2,99,0.90625,0.849011479591837,0.0572385204081634
logistic,a_FP_RHCP_rx1,99,0.91390306122449,0.894770408163265,0.0191326530612244
rf,a_FP_RHCP_rx1,99,0.90625,0.910554846938775,-0.00430484693877531
logistic,a_FP_LHCP_rx1,99,0.91390306122449,0.897959183673469,0.0159438775510203
rf,a_FP_LHCP_rx1,99,0.90625,0.907525510204082,-0.00127551020408156
logistic,a_FP_RHCP_rx2,99,0.91390306122449,0.916454081632653,-0.00255102040816335
rf,a_FP_RHCP_rx2,99,0.90625,0.904177295918367,0.00207270408163263
logistic,a_FP_LHCP_rx2,99,0.91390306122449,0.903698979591837,0.0102040816326531
rf,a_FP_LHCP_rx2,99,0.90625,0.886160714285714,0.0200892857142857
logistic,gamma_CP_rx1,100,0.91390306122449,0.909438775510204,0.0044642857142857
rf,gamma_CP_rx1,100,0.90625,0.905771683673469,0.000478316326530726
logistic,gamma_CP_rx2,100,0.91390306122449,0.88265306122449,0.0312499999999999
rf,gamma_CP_rx2,100,0.90625,0.873724489795918,0.0325255102040819
logistic,a_FP_RHCP_rx1,100,0.91390306122449,0.897321428571428,0.0165816326530612
rf,a_FP_RHCP_rx1,100,0.90625,0.907525510204081,-0.00127551020408134
logistic,a_FP_LHCP_rx1,100,0.91390306122449,0.866071428571428,0.0478316326530611
rf,a_FP_LHCP_rx1,100,0.90625,0.891741071428571,0.0145089285714287
logistic,a_FP_RHCP_rx2,100,0.91390306122449,0.913265306122449,0.000637755102040782
rf,a_FP_RHCP_rx2,100,0.90625,0.905293367346939,0.000956632653061451
logistic,a_FP_LHCP_rx2,100,0.91390306122449,0.905612244897959,0.00829081632653061
rf,a_FP_LHCP_rx2,100,0.90625,0.920280612244898,-0.014030612244898
