case_name,scenario,polarization,pos_id,x_m,y_m,label,valid_flag,r_CP,a_FP,fp_idx_rx1,fp_idx_rx2,rss_rx1_db,rss_rx2_db,fp_energy_gap_db,rise_time_ns,mean_excess_delay_ns,rms_delay_spread_ns,max_excess_delay_ns,kurtosis_pdp,skewness_pdp,fp_energy_db,total_energy_db,fp_energy_ratio,fp_amp_norm,peak_to_leading_db,multipath_count,ricean_k_db,valid_for_model,oof_score,oof_pred,fold_id,full_fit_score,baseline_score,proposed_score,baseline_pred,proposed_pred,rescued_by_proposed,harmed_by_proposed,tag_id,geometric_class,material_class,penetration_loss_db,num_hits,hit_objects,hit_materials,criterion
CP_caseB,B,CP,22,0.75,-0.25,1,1,0.224469804340032,0.310194078156056,4,4,-62.595717804171,-56.3444009328389,3.56426824824257,1.99600798403304,2.14235317275795,2.22236190765463,36.6766467066072,61.1933801052869,5.50087578057937,-63.0343276156632,-59.4700593674206,0.440233265168894,0.234920511375385,4.62407135052715,42.5,-6.9901626857968,1,0.996390888616849,1,5,0.997343742695799,0.995987021615599,0.996612798471224,1,1,0,0,T4,LOS,LOS,0,0,,,penetration_threshold
LP_caseB,B,LP,22,0.75,-0.25,1,1,0.182990348115034,0.106296071472391,5,4,-71.3703909279349,-67.7056942619169,6.92847053704806,8.48303393214043,9.04623169112315,7.42682161908261,59.1317365269789,13.322366622961,2.3882172012795,-76.4665131225206,-69.5380425854725,0.234016892636078,0.176111047993671,5.52975460954945,101,-9.0491853844812,1,0.219330403799037,0,2,0.330323675642689,0.419908031784607,0.259300531855349,0,0,0,0,T4,LOS,LOS,0,0,,,penetration_threshold
CP_caseB,B,CP,15,0.75,-0.75,1,1,0.0622052586611716,0.256203892866131,5,5,-66.8256686362948,-55.3711874239534,4.05910045872405,1.99600798403304,3.25958389341412,4.34453110726614,35.9281437125948,30.1000834650174,4.34972815663847,-65.1575284863606,-61.0984280276366,0.393720318757659,0.214437308685147,5.1903413018503,62.5,-7.31801808689629,1,0.993952759500579,1,4,0.981011624561905,0.990698679115923,0.99045939758048,1,1,0,0,T3,LOS,LOS,0,0,,,penetration_threshold
LP_caseB,B,LP,15,0.75,-0.75,1,1,6.7863379164362,0.328206608407373,6,6,-68.6521903555862,-71.9954859666931,7.64161179119972,4.74051896207848,8.06096029743824,7.11280272308106,56.6367265469376,9.80086882112947,2.01668066346673,-77.9654499411703,-70.3238381499706,0.201900517714401,0.148482568018286,5.75654342878033,101.5,-10.6563818753704,1,0.653026209533264,1,5,0.755510474253015,0.255964072611761,0.470709895876123,0,0,0,0,T3,LOS,LOS,0,0,,,penetration_threshold
CP_caseB,B,CP,8,0.75,-1.25,1,1,0.136355919175302,0.331143473857932,8,7,-67.2483464784342,-57.9832292910206,4.44855246965636,1.99600798403304,3.75508595996378,5.11791545464654,44.9101796407435,28.5387725945659,4.32750557364988,-67.0643403515219,-62.6157878818656,0.362663236378147,0.201886420882214,5.49688614623425,66,-7.61905635445313,1,0.990572691716424,1,2,0.989339475471124,0.978173304243844,0.982677151047478,1,1,0,0,T2,LOS,LOS,0,0,,,penetration_threshold
LP_caseB,B,LP,8,0.75,-1.25,1,1,8.24773988922299,0.193827334462663,8,9,-69.459872626211,-72.5010432069323,7.42523269721006,1.99600798403304,6.94417116766747,6.04230128532822,53.3932135728839,8.65800227537954,1.65414999778197,-78.4056906009476,-70.9804579037376,0.180918465197001,0.142399288170968,5.77756405400342,94.5,-10.5554189757224,1,0.441088463062735,0,2,0.277352362340826,0.205241076839429,0.412096768364539,0,0,0,0,T2,LOS,LOS,0,0,,,penetration_threshold
CP_caseB,B,CP,1,0.75,-1.75,1,1,0.103775975617524,0.247563294824086,10,10,-70.4571681368732,-62.2499564355711,4.69562431005644,1.74650698602891,3.65422062931121,4.48897699903429,43.6626746507228,32.8777943868092,4.58223149519615,-71.0491865901122,-66.3535622800558,0.339218455978359,0.195423219083744,5.532615772532,70.5,-7.89650599740339,1,0.953506742123392,1,4,0.918933182224267,0.938979643448364,0.952052601837818,1,1,0,0,T1,LOS,LOS,0,0,,,penetration_threshold
LP_caseB,B,LP,1,0.75,-1.75,1,1,0.986462599132494,0.158881106523667,10,10,-71.216159002751,-70.8650170045074,6.78658432116247,1.74650698602891,5.97626391010598,5.81116680333465,48.6526946108054,13.9093669902961,2.68317985804442,-77.8271723125275,-71.040587991365,0.209691949045492,0.163792135997429,4.44109859393675,94,-10.8468694625659,1,0.323012862494364,0,2,0.359739810910167,0.361119385871565,0.312585075779666,0,0,0,0,T1,LOS,LOS,0,0,,,penetration_threshold
CP_caseB,B,CP,29,0.75,0.25,1,1,2.29317443054642,0.325710401071336,4,4,-58.9662869223486,-62.5095411151295,3.52876526591999,1.99600798403304,2.28880802000209,3.20644454548117,38.4231536926361,66.8868008929642,7.14191585760707,-64.2666792834197,-60.7379140174997,0.443744168299023,0.237314509797177,4.51134961313272,57,-7.02021122267177,1,0.998715151558982,1,2,0.998314160516638,0.99803376683353,0.99877109227157,1,1,0,0,T5,LOS,LOS,0,0,,,penetration_threshold
LP_caseB,B,LP,29,0.75,0.25,1,1,0.736212443740402,0.250283713480223,4,4,-67.0395147237274,-66.2914924269469,4.29811676047891,1.99600798403304,4.1274858728091,5.89253534846141,47.904191616793,19.0719836852632,3.47446984016143,-70.9636203313246,-66.6655035708457,0.372510791430375,0.214735440425036,4.72719233109807,82.5,-7.83792240347179,1,0.796148763703785,1,5,0.851761452334715,0.825306169973278,0.819612782734472,1,1,0,0,T5,LOS,LOS,0,0,,,penetration_threshold
CP_caseB,B,CP,36,0.75,0.75,1,1,6.87797010889617,0.293939887231606,5,6,-57.8191384921355,-67.6857177388169,3.93225603906654,1.99600798403304,2.62064780595407,3.99029533399025,40.4191616766691,50.8646093486104,6.33329832940502,-66.684684151421,-62.7524281123545,0.404643652320293,0.214759151894912,5.42234024491734,64.5,-7.03152243558861,1,0.996376087978696,1,2,0.991862869794312,0.993535562161729,0.996670426083663,1,1,0,0,T6,LOS,LOS,0,0,,,penetration_threshold
LP_caseB,B,LP,36,0.75,0.75,1,1,2.28885567073901,0.255798941890757,5,6,-64.3106999538371,-69.9297300213134,4.25856747133344,1.99600798403304,3.56114094533636,5.4679518126554,50.8982035928426,24.838501873987,4.11359652628347,-71.3787824528635,-67.1202149815301,0.375160146403535,0.207079163721682,5.38942084438074,68,-7.4477193023122,1,0.935711811557291,1,4,0.87449129247332,0.914485815910383,0.921628308302459,1,1,0,0,T6,LOS,LOS,0,0,,,penetration_threshold
CP_caseB,B,CP,43,0.75,1.25,1,1,18.784102281316,0.289146380870085,7,8,-59.1928736332072,-72.8208714226126,4.30184108948637,1.99600798403304,4.09900216296267,5.65537883293998,48.9021956088095,28.2972241970842,4.07224339812839,-70.3087136077642,-66.0068725182778,0.373685363361814,0.207269542797035,5.3060499364827,80,-7.55060721681919,1,0.869571785273722,1,5,0.910854991579979,0.894256877897698,0.88335650904502,1,1,0,0,T7,LOS,LOS,0,0,,,penetration_threshold
LP_caseB,B,LP,43,0.75,1.25,1,1,11.6371537488472,0.248432608567016,7,8,-67.8358347198547,-77.8470507771612,5.75301625547227,1.99600798403304,7.01669679583006,8.34113127431711,55.1397205589128,7.31515451533585,1.98851437502818,-78.5944589716811,-72.8414427162088,0.276411302130977,0.178126599706896,5.18006029397523,97,-9.31232005913004,1,0.13752553876345,0,1,0.173129635840565,0.134087977331265,0.182522742216776,0,0,0,0,T7,LOS,LOS,0,0,,,penetration_threshold
CP_caseB,B,CP,50,0.75,1.75,1,1,34.4148296137828,0.359386385589469,10,10,-61.6685498399807,-76.0545737421207,4.3756037561495,1.74650698602891,3.73721167165439,5.16255574494702,58.6327345309706,35.7154073029585,4.63576820587026,-73.2371655270542,-68.8615617709047,0.365807616909668,0.202470712651126,5.61738617722196,75,-7.46863981298271,1,0.998355702695507,1,2,0.918791680986908,0.884355505119504,0.998227927363597,1,1,0,0,T8,LOS,LOS,0,0,,,penetration_threshold
LP_caseB,B,LP,50,0.75,1.75,1,1,10.4965744206469,0.30097509513725,10,19,-69.7136101619584,-79.7484403735039,4.78757876498312,1.74650698602891,4.60028335753067,6.98155707779984,50.1497005988302,11.5180652462016,2.87230561907965,-79.5186039826975,-74.7310252177144,0.335492910086505,0.196116733150964,5.49738231841257,87,-7.99711242259547,1,0.197507159912166,0,3,0.21785320828399,0.185832602421965,0.31504176436863,0,0,0,0,T8,LOS,LOS,0,0,,,penetration_threshold
CP_caseB,B,CP,23,1.5,-0.25,1,1,0.361478328645811,0.365064698883776,8,8,-60.5304910934318,-56.303497149512,4.49369004183891,1.99600798403304,2.52396961515625,2.76621595917478,39.4211576846526,109.248656564885,7.42555916081209,-62.9106841625601,-58.4169941207212,0.355414055364425,0.18736983313762,6.60072761268469,49,-7.08136806009835,1,0.999937772578319,1,3,0.999696963188362,0.999735667033058,0.999911686071686,1,1,0,0,T12,LOS,LOS,0,0,,,penetration_threshold
LP_caseB,B,LP,23,1.5,-0.25,1,1,0.666580777576346,0.307647794696157,8,8,-67.1080609514286,-64.9566502739655,5.53114602635487,1.99600798403304,4.39635173899773,5.24639375012147,47.6546906187889,18.8171450219953,3.25562264601208,-71.5635016350649,-66.03235560871,0.280119446804217,0.166680222153837,6.59882476986205,80,-8.29733745489523,1,0.9499906316873,1,4,0.941550934601128,0.85912879100255,0.912674606470532,1,1,0,0,T12,LOS,LOS,0,0,,,penetration_threshold
CP_caseB,B,CP,16,1.5,-0.75,1,1,0.106308621084971,0.367169172943667,9,9,-64.2398520638986,-54.9807703333003,4.35700331058981,1.99600798403304,2.98428997771104,3.72497222991674,33.4331337325535,37.7944080762602,4.5543088835226,-63.9673145077575,-59.6103111971677,0.367240301618989,0.196610438734688,6.07331146957216,55,-7.19857146170316,1,0.996837134193798,1,3,0.997306805719829,0.990622113075711,0.995754466157569,1,1,0,0,T11,LOS,LOS,0,0,,,penetration_threshold
LP_caseB,B,LP,16,1.5,-0.75,1,1,1.09288859228625,0.252529095626743,9,9,-66.8181252043341,-67.4919345181837,6.09063795579843,1.99600798403304,5.57862130891072,5.52732540519631,48.1536926147972,13.2382889647354,2.33026016719705,-73.2456678120335,-67.1550298562351,0.24610150110557,0.163596195360073,5.77642884679636,89.5,-9.41240979173569,1,0.750578406703982,1,5,0.808273311478816,0.620633899385103,0.683148386625922,1,1,0,0,T11,LOS,LOS,0,0,,,penetration_threshold
CP_caseB,B,CP,9,1.5,-1.25,1,1,0.0763357030644052,0.244151854517586,10,10,-65.8465323415056,-55.8204134842684,4.05010686826597,1.99600798403304,3.04120315273824,4.06370693522946,45.6586826347558,85.4368005257398,7.09759981045239,-64.8835797791159,-60.8334729108499,0.396550347581875,0.217703345456388,4.9894910082945,66,-7.40652026414856,1,0.99860511703761,1,3,0.996693818367712,0.998899595372532,0.998871300865327,1,1,0,0,T10,LOS,LOS,0,0,,,penetration_threshold
LP_caseB,B,LP,9,1.5,-1.25,1,1,1.07687608761863,0.216747970826721,10,10,-68.8275628434564,-68.0746070917903,5.67274435373947,1.99600798403304,4.97269645356749,5.84163141301196,46.9061876247765,18.4211610326692,3.2985967760449,-74.1238293145869,-68.4510849608475,0.273163917533685,0.180307299261886,5.02037929436697,84,-9.29114310187983,1,0.691482229773434,1,3,0.729365156849987,0.659974339310076,0.67382688949577,1,1,0,0,T10,LOS,LOS,0,0,,,penetration_threshold
CP_caseB,B,CP,2,1.5,-1.75,1,1,0.0986881158851001,0.257943191442068,13,12,-67.2370852980328,-57.6765541624648,5.02045647660376,1.99600798403304,3.33823194037139,3.56121522111815,44.9101796407435,71.408320088693,6.44282141849858,-67.477276204018,-62.4568197274143,0.325943134652108,0.193451164207135,5.3169789135554,61.5,-8.31346417468176,1,0.994362684797522,1,2,0.994879231848171,0.991940544375787,0.991819146247033,1,1,0,0,T9,LOS,LOS,0,0,,,penetration_threshold
LP_caseB,B,LP,2,1.5,-1.75,1,1,1.0380128464539,0.208899451285927,13,13,-68.6602090517028,-69.6179316917527,6.65681793822741,1.99600798403304,5.55417660179139,6.1787237139162,50.8982035928426,23.1870204271893,3.84250641116361,-75.7958883019978,-69.1390703637704,0.216883476493563,0.152512877513383,5.81923829279717,88.5,-10.0456587966457,1,0.732035916349639,1,5,0.750109074932067,0.637333856654303,0.655959009363098,1,1,0,0,T9,LOS,LOS,0,0,,,penetration_threshold
CP_caseB,B,CP,30,1.5,0.25,1,1,2.14035166638325,0.376516530937067,8,8,-57.894009387665,-61.1346974339005,4.49049752635509,1.99600798403304,2.6351360848193,3.22977910641822,34.9301397205782,54.4043446711689,6.20508952265222,-64.0048509362148,-59.5143534098597,0.355600412442144,0.188051752122452,6.54518831869775,51.5,-7.10977395173293,1,0.999241781878764,1,3,0.999047020746871,0.996825312088934,0.998792349410838,1,1,0,0,T13,LOS,LOS,0,0,,,penetration_threshold
LP_caseB,B,LP,30,1.5,0.25,1,1,0.910733007211084,0.296731309928505,8,8,-66.3239740341142,-65.8940343104127,5.50526096546027,1.99600798403304,4.65516481289401,5.45550034428969,42.4151696607021,11.7337174426833,2.50675796780604,-71.6142651337823,-66.109004168322,0.28149860781816,0.167250768543828,6.57707475514019,74.5,-8.28714481276262,1,0.825020064452328,1,5,0.876184691012869,0.722139265199468,0.788786072470148,1,1,0,0,T13,LOS,LOS,0,0,,,penetration_threshold
CP_caseB,B,CP,37,1.5,0.75,1,1,13.4124812508237,0.404269662428622,9,9,-57.087861886492,-67.8216916180581,4.44360304880026,1.99600798403304,3.05251751894271,3.92361549276303,42.4151696607022,40.176692562736,5.11877062047321,-66.8983797979089,-62.4547767491086,0.360126554226244,0.19398474201108,6.13219959364859,58,-7.27177230424475,1,0.996635442284028,1,4,0.996368705968926,0.988904605073701,0.994593574346141,1,1,0,0,T14,LOS,LOS,0,0,,,penetration_threshold
LP_caseB,B,LP,37,1.5,0.75,1,1,3.05625991552962,0.317307443041415,9,9,-65.1334273980033,-68.4007220647159,6.01372093443312,1.99600798403304,5.47568221228979,5.62736405219274,49.1516966068137,8.56290937862349,1.80725600358816,-72.7807956608841,-66.7670747264509,0.254630989944838,0.162062490696595,6.13895882146373,75,-9.11680365230254,1,0.810121089067954,1,5,0.867541490234046,0.567797819867658,0.6991385654602,1,1,0,0,T14,LOS,LOS,0,0,,,penetration_threshold
CP_caseB,B,CP,44,1.5,1.25,1,1,46.2880397459418,0.313594610808248,10,10,-57.6726043246737,-71.3805822381086,4.98903061286686,1.99600798403304,5.35637736110544,6.44084886658402,50.6487025948385,38.243971538077,4.47881004296975,-69.5156238873498,-64.526593274483,0.334040249305142,0.196958691568888,5.07563006425094,72,-8.44520697359434,1,0.999759708153273,1,2,0.94357254412273,0.958616672121134,0.999664161888709,1,1,0,0,T15,LOS,LOS,0,0,,,penetration_threshold
LP_caseB,B,LP,44,1.5,1.25,1,1,6.09258011124043,0.279430457787278,10,11,-66.9830701277881,-71.6027343614237,6.06396039391954,4.74051896207848,5.3841694327031,5.88115263970479,47.6546906187889,18.9947794124281,3.30820911064705,-75.3568626291445,-69.292902235225,0.272944767146193,0.189898943648857,4.85968484806586,81,-9.01654906595267,1,0.820616493398358,1,3,0.831414593156774,0.589157798415428,0.72831536932936,1,1,0,0,T15,LOS,LOS,0,0,,,penetration_threshold
CP_caseB,B,CP,51,1.5,1.75,1,1,97.3621832724058,0.288755274644685,12,13,-59.2034129461265,-75.3462094077275,6.67500013039275,3.74251497006195,5.33310328044782,6.09340361630226,60.1297405189954,41.6193034825199,4.82305110523471,-73.9498112904058,-67.274811160013,0.261596950569173,0.169778884292876,6.02658217779617,83,-9.14345667326743,1,0.71667478453226,1,1,0.826822783421588,0.796590342665036,0.435804041115104,1,0,0,1,T16,LOS,LOS,0,0,,,penetration_threshold
LP_caseB,B,LP,51,1.5,1.75,1,1,25.2390649782474,0.201314615819686,12,14,-66.7223634921577,-75.3779798472524,6.14221259633074,2.24550898203717,4.40024970835733,5.82726597365874,42.4151696607022,17.7093363310505,3.60180486044166,-77.1923842471351,-71.0501716508043,0.246231765350753,0.173922687773343,5.85039030153531,83.5,-8.56286858817773,1,0.394034382722958,0,5,0.358149279036191,0.505380441038423,0.407219990043274,1,0,0,1,T16,LOS,LOS,0,0,,,penetration_threshold
CP_caseB,B,CP,24,2.25,-0.25,1,1,0.483190970140476,0.294467232808594,12,12,-61.0861823370516,-58.3237138016645,3.68675736088448,1.99600798403304,2.31500864554703,2.68312355847331,33.1836327345493,43.90134752103,5.47713531651,-63.3917054292956,-59.7049480684111,0.428166135091218,0.230429591988253,4.71713213546703,59.5,-7.10210753317555,1,0.994593477459455,1,5,0.99626938423738,0.995027908202265,0.995295102840567,1,1,0,0,T20,LOS,LOS,0,0,,,penetration_threshold
LP_caseB,B,LP,24,2.25,-0.25,1,1,1.42884526247624,0.300334232062288,13,12,-64.7746996896108,-64.969469203224,5.31733060496436,1.99600798403304,3.9664434955703,4.45377532363731,45.90818363276,21.1758439704671,3.29039755957947,-70.1894150484201,-64.8720844434557,0.29413459159345,0.183092732487719,5.56466276235257,63,-8.53279060387627,1,0.972647308254905,1,1,0.963668365946182,0.911529394966419,0.953972443935025,1,1,0,0,T20,LOS,LOS,0,0,,,penetration_threshold
CP_caseB,B,CP,17,2.25,-0.75,1,1,0.182447328797012,0.349540487392535,13,13,-63.6157600023486,-56.7252638450005,4.52082182889882,1.99600798403304,2.54936886803296,2.32783141532406,28.1936127744667,32.2761806154532,3.98498729520973,-64.6913337512379,-60.1705119223391,0.353661256090585,0.184881552690043,6.7494388098274,46,-7.05045144461363,1,0.99599356141111,1,2,0.994336834645294,0.985790465837393,0.994415253867832,1,1,0,0,T19,LOS,LOS,0,0,,,penetration_threshold
LP_caseB,B,LP,17,2.25,-0.75,1,1,0.703585530882022,0.221033113073499,13,13,-66.957877925564,-66.5045647768174,6.26435658732193,1.99600798403304,5.29192011155516,4.57084667498692,41.1676646706815,12.0676698116116,1.89068823338517,-72.9955779339634,-66.7312213466415,0.238105571113832,0.160961024297189,5.59540983663832,70,-9.78481720786928,1,0.735005440540089,1,2,0.716370914544061,0.61378166450957,0.681828541076954,1,1,0,0,T19,LOS,LOS,0,0,,,penetration_threshold
CP_caseB,B,CP,10,2.25,-1.25,1,1,0.0864770727721426,0.267643479993368,14,14,-65.8844286673177,-56.3518226620456,3.85182589281069,1.74650698602891,2.8119439794587,3.08827161275814,39.1716566866485,58.8254186419229,5.38639802531025,-64.9699515554151,-61.1181256626044,0.414946089047644,0.231676923390296,4.33376604227663,57.5,-7.49952007667326,1,0.99370816709132,1,3,0.992498803894023,0.995041307942903,0.99587276703984,1,1,0,0,T18,LOS,LOS,0,0,,,penetration_threshold
LP_caseB,B,LP,10,2.25,-1.25,1,1,0.788403442618056,0.180952952471938,14,14,-67.4893005524892,-66.9441364914437,5.84826653376039,1.74650698602891,4.87560494483762,5.03461400662497,45.1596806387476,18.5339471779422,3.00674448089881,-73.0649850506364,-67.216718516876,0.260431195194641,0.183650000113258,4.4538303691387,78,-9.72348575655602,1,0.740808585185489,1,2,0.74600622047591,0.752746569116191,0.695181273120564,1,1,0,0,T18,LOS,LOS,0,0,,,penetration_threshold
CP_caseB,B,CP,3,2.25,-1.75,1,1,0.0605685546181434,0.288905588085801,16,16,-68.3060589134027,-57.4748656895699,4.93615602782351,1.99600798403304,3.02103985670593,3.21480356629659,45.4091816367517,117.505497146777,7.0376457029001,-67.8266183257758,-62.8904622979523,0.324715800389859,0.179259122924548,6.55838040350317,53.5,-7.62007860261869,1,0.999554831829966,1,3,0.996386993698092,0.99896709360903,0.999547670926142,1,1,0,0,T17,LOS,LOS,0,0,,,penetration_threshold
LP_caseB,B,LP,3,2.25,-1.75,1,1,1.25443647119316,0.227132709218345,16,16,-70.3075251483597,-70.9757801038825,6.82819949072952,1.99600798403304,6.17148148398649,5.97083780206976,46.9061876247765,14.3598497707992,2.62622758998778,-77.4698521056389,-70.6416526149093,0.207777045635468,0.147597588567006,5.70791189259291,88,-10.4850696147787,1,0.397481489627666,0,4,0.498972783028168,0.359285185726539,0.44940841613217,0,0,0,0,T17,LOS,LOS,0,0,,,penetration_threshold
CP_caseB,B,CP,31,2.25,0.25,1,1,1.64548658059863,0.304704338232054,12,12,-59.1646469517878,-61.4069003824299,3.68137077650607,1.99600798403304,2.19008542335247,2.29560304176297,33.6826347305576,73.9153801417507,6.79429647951876,-63.9671444425505,-60.2857736660444,0.428425017699091,0.229667380664868,4.7861831023821,52.5,-7.04944331874489,1,0.998211283002787,1,3,0.997838606405983,0.998561111462791,0.999151901191633,1,1,0,0,T21,LOS,LOS,0,0,,,penetration_threshold
LP_caseB,B,LP,31,2.25,0.25,1,1,1.93814819846915,0.32580624304184,13,12,-65.0627231116634,-66.4112641211918,5.06967710527702,1.99600798403304,3.79743836046746,4.47228658797793,45.90818363276,27.0504936027268,3.83272284074167,-70.8066707180475,-65.7369936127705,0.311239518828176,0.190890295675639,5.32127207343141,71.5,-8.37520245677237,1,0.977061993457407,1,1,0.971378847956252,0.912204481476219,0.964908522342168,1,1,0,0,T21,LOS,LOS,0,0,,,penetration_threshold
CP_caseB,B,CP,38,2.25,0.75,1,1,6.45519210023649,0.402032298143254,13,13,-58.6953993687449,-66.5063512318887,4.31487905170088,1.99600798403304,2.71545875131745,3.35691218131493,39.6706586826567,38.2509893245467,4.82591584750012,-66.9157543495037,-62.6008752978028,0.370459929297001,0.191699048991542,6.49585351229614,58.5,-6.96691540467372,1,0.992635364899974,1,5,0.995579714408676,0.979545007268151,0.989867108356907,1,1,0,0,T22,LOS,LOS,0,0,,,penetration_threshold
LP_caseB,B,LP,38,2.25,0.75,1,1,1.10803325978774,0.165898576614489,12,13,-67.1446929905499,-68.2901516830555,6.81518208139462,1.99600798403304,5.74453382602641,5.45394845210765,48.6526946108054,16.9478280311989,2.60581405166021,-74.5326044124464,-67.7174223310518,0.209603575786543,0.151288564120722,5.81512868965876,87,-10.179003873567,1,0.613506081124676,1,2,0.628923582193248,0.602892895999596,0.541401130311646,1,1,0,0,T22,LOS,LOS,0,0,,,penetration_threshold
CP_caseB,B,CP,45,2.25,1.25,1,1,27.6006425803199,0.345614088976263,14,14,-58.4257116113883,-70.8630180667373,4.32041482250723,1.49700598802478,3.78098158626884,4.34243706303411,37.9241516966278,36.7754361090631,4.27257169958632,-68.9647796553529,-64.6443648328456,0.379600509257238,0.2225387425661,4.20161195284689,55,-8.09529626976863,1,0.998742868576866,1,2,0.961525921884897,0.958158567978023,0.998737551114554,1,1,0,0,T23,LOS,LOS,0,0,,,penetration_threshold
LP_caseB,B,LP,45,2.25,1.25,1,1,4.65117360553553,0.19054237571445,14,15,-64.9157420863945,-69.6019483632951,7.26614624802645,4.49101796407435,5.56908006165198,4.73866186504466,45.6586826347558,21.8760632263062,3.032710426662,-74.5249914669765,-67.25884521895,0.197958154728725,0.168395344680699,5.72122838085042,81,-9.17367276203386,1,0.834952087498485,1,4,0.80343179180198,0.655581136022803,0.662965003516107,1,1,0,0,T23,LOS,LOS,0,0,,,penetration_threshold
CP_caseB,B,CP,52,2.25,1.75,1,1,72.7826929210595,0.381329279600644,16,16,-59.1947361410136,-71.2509034188887,6.90374133529093,3.49301397205783,5.00204512243115,5.74730913037209,48.1536926147972,42.4539622955857,4.74935311849544,-72.1265611084104,-65.2228197731195,0.238633230125065,0.156153772598815,6.45315603444915,69.5,-9.28506519059428,1,0.981561949402719,1,3,0.971354999242491,0.929937498302547,0.905266487259114,1,1,0,0,T24,LOS,LOS,0,0,,,penetration_threshold
LP_caseB,B,LP,52,2.25,1.75,1,1,4.54375778011028,0.244272732925921,16,18,-66.0521974259111,-67.5942663709996,6.71777746856189,2.4950099800413,4.46796459826176,4.3121781899386,41.6666666666898,43.6398406662316,4.44253251223311,-73.5410093623036,-66.8232318937417,0.213819923549737,0.156904628235466,6.530156414959,66.5,-8.90121162087542,1,0.92624303055707,1,1,0.921457516186848,0.853763405798612,0.903248457927699,1,1,0,0,T24,LOS,LOS,0,0,,,penetration_threshold
CP_caseB,B,CP,25,3,-0.25,1,1,0.524268323409948,0.282948252171772,17,17,-63.776090793571,-61.5240681733621,3.91362363042604,1.74650698602891,3.25970659917789,4.95003343677382,45.1596806387476,34.2785666356618,4.84489095578825,-66.5637031120575,-62.6500794816314,0.406794351828232,0.231236695056885,4.27254317015846,73.5,-7.57839161090408,1,0.982890455702457,1,3,0.986400768482536,0.979459131764315,0.981120992692737,1,1,0,0,T28,NLOS,LOS,0.592,1,glass_partition_1,glass,penetration_threshold
LP_caseB,B,LP,25,3,-0.25,1,1,1.23130650035359,0.123170245169784,17,17,-66.232546506076,-71.1041410920038,6.5501031733724,1.99600798403304,6.09172943127317,6.35849876472477,48.9021956088095,10.357229793116,2.15725205744039,-75.2184469641698,-68.6683437907974,0.230182486908504,0.158174224986897,5.55687070005304,91,-9.9682858603228,1,0.3968025408862,0,4,0.312424623963259,0.48853318633022,0.371562805135409,0,0,0,0,T28,NLOS,LOS,0.592,1,glass_partition_1,glass,penetration_threshold
CP_caseB,B,CP,18,3,-0.75,1,1,0.228774293819982,0.393902582534606,18,18,-64.8607805336844,-58.9816610824888,4.04527776396049,1.99600798403304,2.62264968111656,2.96948332955666,38.1736526946319,59.5356930546302,5.70594140965465,-65.9664985701891,-61.9212208062286,0.394712220710657,0.207923693957097,5.70047643569857,55,-7.04324951715663,1,0.998636017668873,1,3,0.997796619326218,0.993996526623832,0.998454487954797,1,1,0,0,T27,NLOS,LOS,0.607,1,glass_partition_1,glass,penetration_threshold
LP_caseB,B,LP,18,3,-0.75,1,1,1.55287183888128,0.215671731721008,18,17,-67.0641491817751,-68.0624325266758,6.46321995458289,1.99600798403304,5.29207773148862,5.22501066313216,52.8942115768756,17.2348609510349,2.9560500815079,-74.0265108032696,-67.5632908486867,0.227036903995186,0.160468340239616,5.51277337475632,83,-9.90012844476425,1,0.840475192726862,1,1,0.822240861852849,0.685061755430602,0.733191828171671,1,1,0,0,T27,NLOS,LOS,0.607,1,glass_partition_1,glass,penetration_threshold
CP_caseB,B,CP,11,3,-1.25,1,1,0.0998716357471171,0.257883351606099,18,18,-66.2503806716974,-57.0162033312245,3.9400247249323,1.99600798403304,2.54386609271763,2.42315424073445,34.43113772457,46.4022328337043,4.69866584833269,-65.5733167241172,-61.6332919991849,0.405128742607538,0.216800867435275,5.18626320905987,43,-7.21038402865951,1,0.984420809625159,1,3,0.982773518287586,0.98839846929159,0.990124430180094,1,1,0,0,T26,LOS,LOS,0,0,,,penetration_threshold
LP_caseB,B,LP,11,3,-1.25,1,1,0.312684935035399,0.175382017118935,18,19,-68.3925165411995,-65.8885114442781,5.65653930184223,1.74650698602891,4.24131678693305,3.65819114627697,45.90818363276,30.6361256023014,3.35968850972751,-72.7970532893801,-67.1405139875379,0.272840033260067,0.175696719853829,5.40955324488343,59.5,-9.10180641324323,1,0.818008757865808,1,1,0.757426705002364,0.847655415129299,0.827307101167119,1,1,0,0,T26,LOS,LOS,0,0,,,penetration_threshold
CP_caseB,B,CP,4,3,-1.75,1,1,0.0721502140697905,0.231465157106247,20,20,-66.9904984891809,-58.0300180909267,4.59920263700461,1.99600798403304,2.68047180191423,2.23710744687014,31.6866267465245,38.2258229300583,3.86580733880332,-67.1094609243408,-62.5102582873362,0.348993430188701,0.199603559378601,5.47587082507759,40,-7.70779220673083,1,0.962893927754582,1,4,0.960547319055504,0.973027325439463,0.975611910490112,1,1,0,0,T25,LOS,LOS,0,0,,,penetration_threshold
LP_caseB,B,LP,4,3,-1.75,1,1,0.807606088551567,0.165828133889416,21,20,-67.3425418212196,-68.2091939374387,6.54771169339985,3.74251497006195,4.36012180368759,4.08479336039707,52.3952095808674,34.6136129169832,4.25845443505823,-74.3235795669218,-67.7758678735219,0.239665189600921,0.183446503724031,5.53123027502739,70.5,-8.62663775267032,1,0.889517699559846,1,4,0.852370049368334,0.799894368798338,0.799942298663437,1,1,0,0,T25,LOS,LOS,0,0,,,penetration_threshold
CP_caseB,B,CP,32,3,0.25,1,1,1.38040679082637,0.330359015728407,17,17,-62.845881577233,-63.7030575788581,3.79805398705117,1.74650698602891,2.66115554044344,3.87583098612483,46.1576846307641,47.8576209420069,5.84816169887017,-67.0725235630371,-63.274469575986,0.417804276223239,0.23485280281434,4.25731875125654,72,-7.42777183437159,1,0.995261162550515,1,2,0.99485707945201,0.990347798849312,0.994008152139874,1,1,0,0,T29,NLOS,LOS,0.592,1,glass_partition_1,glass,penetration_threshold
LP_caseB,B,LP,32,3,0.25,1,1,1.83763313894292,0.18778540634864,17,17,-67.3898577539123,-69.4535159485604,6.28890371617268,5.98802395209913,5.92669726076053,6.00226257662051,47.904191616793,17.5722667209072,2.98330866767374,-74.710590560514,-68.4216868443413,0.235887532828356,0.176780077934267,4.47594761593538,84,-10.0693225032663,1,0.841987607714628,1,4,0.787081007009329,0.648054339729727,0.64035919924554,1,1,0,0,T29,NLOS,LOS,0.592,1,glass_partition_1,glass,penetration_threshold
CP_caseB,B,CP,39,3,0.75,1,1,3.36469354693358,0.434588238622793,18,18,-60.7737562077301,-65.7402827200664,4.03366699171015,1.99600798403304,3.00416462019391,4.06519433685934,35.4291417165865,29.7456615579942,4.41282137282436,-67.2906864532241,-63.2570194615139,0.39526971200701,0.208293986040498,5.67018128671811,55,-7.06115971321183,1,0.997003259182906,1,2,0.993949842647716,0.976874584814043,0.995277479023514,1,1,0,0,T30,NLOS,LOS,0.607,1,glass_partition_1,glass,penetration_threshold
LP_caseB,B,LP,39,3,0.75,1,1,3.05040867216964,0.333279946651944,18,18,-67.1337679345509,-69.0252992902376,6.50729253889321,4.99001996008261,5.00938870249432,4.55070735339152,46.9061876247765,19.0634559247673,2.83114930252435,-74.5868261449429,-68.0795336060497,0.236766450942431,0.157902425224564,5.81555423238659,76.5,-9.82048657336593,1,0.960829013131659,1,2,0.946797477534776,0.622517377847364,0.874660196380803,1,1,0,0,T30,NLOS,LOS,0.607,1,glass_partition_1,glass,penetration_threshold
CP_caseB,B,CP,46,3,1.25,1,1,12.6094901671761,0.305963810591558,18,18,-58.877828389249,-69.1360463989202,3.97549469109498,1.99600798403304,2.63679102010351,2.82860969596971,34.6806387225741,45.0355622724131,5.11711324757654,-67.9824320808553,-64.0069373897604,0.401904122878396,0.216803120313482,5.09156999994963,51,-7.31898123373816,1,0.982937755581673,1,1,0.976019305452178,0.985055807609893,0.989857527401323,1,1,0,0,T31,LOS,LOS,0,0,,,penetration_threshold
LP_caseB,B,LP,46,3,1.25,1,1,4.80218386914725,0.268385535844846,18,18,-67.6766353298034,-70.9303049153174,5.99511660581323,3.99201596806608,4.71015810929645,5.4560962835153,52.1457085828632,24.4780277394535,3.9788138109146,-75.2985867195762,-69.303470113763,0.2712217131046,0.177336636640528,5.08737236990753,93,-9.55352559490449,1,0.918884713702596,1,3,0.897608299937928,0.671079033158061,0.784187271421129,1,1,0,0,T31,LOS,LOS,0,0,,,penetration_threshold
CP_caseB,B,CP,53,3,1.75,1,1,29.9812706442903,0.394245589704763,20,20,-59.9072048781493,-72.127115647998,4.82488733171947,1.99600798403304,4.22991016270801,4.62049634014805,41.6666666666898,37.1697766780992,3.69982931109764,-70.8420475864524,-66.0171602547329,0.332073826589601,0.195666020029599,5.36299508130276,61,-8.03855974446897,1,0.938302799482886,1,4,0.959142048351582,0.910016039286038,0.936368279949449,1,1,0,0,T32,LOS,LOS,0,0,,,penetration_threshold
LP_caseB,B,LP,53,3,1.75,1,1,1.62464258457349,0.325585054775883,20,23,-68.2438893661674,-67.5126170737497,5.04555637122601,1.99600798403304,3.84569343879055,4.60599391087153,45.1596806387476,51.3045941929959,5.04339941420366,-72.9238095852472,-67.8782532140212,0.312938396843332,0.192047535435043,5.46314046608701,73,-8.08429018804054,1,0.953258262563045,1,5,0.960562627969492,0.904574806095448,0.946272215973214,1,1,0,0,T32,LOS,LOS,0,0,,,penetration_threshold
CP_caseB,B,CP,26,3.75,-0.25,1,1,0.435766263433964,0.383027532833671,22,22,-66.8946916253819,-63.4980702361462,4.2809803317272,1.99600798403304,3.15758197962636,4.13726363458185,33.4331337325535,20.3221151140974,3.84822858121914,-69.4773612590536,-65.1963809273264,0.373307616360298,0.194182516261875,6.26790813180162,60.5,-7.1018626033897,1,0.978757549879355,1,1,0.970316831160262,0.944837031366138,0.986268951026147,1,1,0,0,T36,NLOS,LOS,0.581,1,glass_partition_1,glass,penetration_threshold
LP_caseB,B,LP,26,3.75,-0.25,1,1,0.827078715010266,0.154987709103205,22,22,-68.5775513333645,-68.2663406642878,7.26256330363211,3.74251497006196,5.66553501083076,4.42577596101867,43.9121756487269,11.1112581991432,1.84818922030894,-75.6845092957486,-68.4219459921165,0.193416676164943,0.149601259122138,5.53022611983008,73,-10.6520122980795,1,0.581824455958571,1,1,0.517254401242502,0.497273667736804,0.488967279808982,0,0,0,0,T36,NLOS,LOS,0.581,1,glass_partition_1,glass,penetration_threshold
CP_caseB,B,CP,19,3.75,-0.75,1,1,0.363354024914669,0.268898957065,22,22,-66.2745670720632,-61.5417475127799,4.41596712382111,1.99600798403304,3.10177950100038,3.84127488441968,29.1916167664832,18.6834360285822,3.66879269741274,-68.3241244135102,-63.9081572896891,0.361971282019423,0.210576555523113,4.95473450926606,52.5,-7.77123519476296,1,0.960174598977133,1,4,0.939398732425053,0.956910243984445,0.964790293960147,1,1,0,0,T35,NLOS,LOS,0.59,1,glass_partition_1,glass,penetration_threshold
LP_caseB,B,LP,19,3.75,-0.75,1,1,1.79419765497856,0.115691753740824,23,22,-65.9636407706886,-69.8294833601049,8.21916028476083,3.2435129740537,6.36512740634545,4.7421990920974,43.6626746507228,7.73511656218228,1.39369941863961,-76.115722343618,-67.8965620588572,0.159377861290145,0.138819555638206,5.5689291286491,79,-11.3954968838046,1,0.263444304145841,0,4,0.371233084899705,0.293095953571959,0.235030838449519,0,0,0,0,T35,NLOS,LOS,0.59,1,glass_partition_1,glass,penetration_threshold
CP_caseB,B,CP,12,3.75,-1.25,1,1,0.170908419678256,0.302660884117527,23,23,-66.7015507349901,-60.0448308554507,4.87733392917558,1.99600798403304,2.88406841736721,2.68618618971753,36.427145708603,36.7530289883864,4.40826636247585,-68.2505247216528,-63.3731907924772,0.327476237767058,0.176509476157351,6.77963499128576,53,-7.51998148333008,1,0.988715983049736,1,1,0.981894631871043,0.979170016119061,0.990250962550256,1,1,0,0,T34,LOS,LOS,0,0,,,penetration_threshold
LP_caseB,B,LP,12,3.75,-1.25,1,1,0.707022379784451,0.267619271498891,23,23,-70.1869139996209,-68.2655040806361,5.36708606576138,1.99600798403304,4.39881844102556,4.78199298216861,49.6506986028219,15.5671717723454,2.86582142032054,-74.5932950976222,-69.2262090318608,0.292876941326414,0.181958325180638,5.38321129322265,68.5,-8.87079469918966,1,0.715967705422477,1,4,0.756450105188788,0.616970512337477,0.721628828559157,1,1,0,0,T34,LOS,LOS,0,0,,,penetration_threshold
CP_caseB,B,CP,5,3.75,-1.75,1,1,0.0816488926171872,0.291019656449109,24,24,-69.104542622359,-57.7312990665587,4.28113838760281,1.74650698602891,2.82605151312571,2.87718170979988,44.6606786427393,90.5083343824969,6.33506965757456,-67.6990592278524,-63.4179208402496,0.373273288950465,0.220163269660473,4.47805329750483,51,-7.860654871003,1,0.998394822374768,1,3,0.994443901254358,0.996965305372968,0.998580230584022,1,1,0,0,T33,LOS,LOS,0,0,,,penetration_threshold
LP_caseB,B,LP,5,3.75,-1.75,1,1,0.779581065899413,0.197488689565119,25,24,-68.4585831364546,-70.1414403805847,4.38775108566857,1.99600798403304,3.19460521018497,4.48757729742094,46.6566866267724,32.5650663657579,4.70361900270581,-73.6877628358259,-69.3000117501573,0.381363242067792,0.221569405806726,4.7991075668482,78,-7.52898236979375,1,0.673451239962831,1,2,0.700995674523156,0.870505921211529,0.827105977396508,1,1,0,0,T33,LOS,LOS,0,0,,,penetration_threshold
CP_caseB,B,CP,33,3.75,0.25,1,1,1.52027641352978,0.355569445859039,22,22,-64.2050507037515,-66.7451465053439,4.34968966041846,1.99600798403304,3.33560791354666,4.60108812575063,40.6686626746732,18.671095642751,3.69577973784391,-69.8247882614176,-65.4750986009992,0.368457116210429,0.193276364581196,6.2260104229535,65.5,-7.22343330174328,1,0.93994130097933,1,5,0.960973466158633,0.900106561050935,0.941079066139364,1,1,0,0,T37,NLOS,LOS,0.581,1,glass_partition_1,glass,penetration_threshold
LP_caseB,B,LP,33,3.75,0.25,1,1,1.7391730213934,0.16238736998711,22,22,-67.7854301778869,-69.9266182411722,7.53573020771418,3.99201596806609,6.686621989984,5.33609033641264,44.6606786427393,7.34893962737712,1.42803685237903,-76.3917544096073,-68.8560242018931,0.177852466132743,0.145586832452161,5.11187094228587,73.5,-11.3343879576049,1,0.271136534242642,0,4,0.432612856129036,0.284509709695576,0.277885220174147,0,0,0,0,T37,NLOS,LOS,0.581,1,glass_partition_1,glass,penetration_threshold
CP_caseB,B,CP,40,3.75,0.75,1,1,1.88326585411418,0.262313190203652,22,22,-63.2253072100329,-65.2782961899823,4.66161406670007,1.99600798403304,3.42453162121478,4.51709589174307,41.6666666666898,19.1887361484877,3.68997091219597,-68.9134157640688,-64.2518016973687,0.342803226841114,0.20287810306054,5.13702093018229,69.5,-7.95633427461383,1,0.934354891456188,1,3,0.952856271311143,0.905675743028778,0.911242472071984,1,1,0,0,T38,NLOS,LOS,0.59,1,glass_partition_1,glass,penetration_threshold
LP_caseB,B,LP,40,3.75,0.75,1,1,1.37908396407456,0.14305473020761,23,23,-66.4656844355024,-68.6702306965338,7.64801715337189,5.23952095808674,5.04065495321663,3.96278529337785,37.1756487026154,21.4752433072442,3.10604648355728,-75.2159747137033,-67.5679575603314,0.172349363241616,0.151266752529903,6.22254618198677,67.5,-9.66715567663462,1,0.653496939146841,1,3,0.705950981306271,0.598404163058271,0.555783625854799,1,1,0,0,T38,NLOS,LOS,0.59,1,glass_partition_1,glass,penetration_threshold
CP_caseB,B,CP,47,3.75,1.25,1,1,5.03844088185707,0.36574964409076,23,23,-61.047262749617,-66.389903614335,3.9715845545304,1.74650698602891,2.77549721185285,3.62431068216462,43.9121756487269,57.4760975018199,6.19483424071738,-67.6901677337929,-63.7185831792625,0.407524327895583,0.233575317836586,4.09186235924336,60.5,-7.70817121590331,1,0.998207469671329,1,4,0.996200403962531,0.992166112898106,0.99653799735559,1,1,0,0,T39,LOS,LOS,0,0,,,penetration_threshold
LP_caseB,B,LP,47,3.75,1.25,1,1,2.69566464032991,0.251565516025974,23,23,-67.1064194754993,-68.3784621698374,6.16143390762976,3.99201596806609,4.4152655567694,4.82360978401782,43.9121756487269,21.5642707261384,3.68104989020858,-73.9038747245024,-67.7424408168726,0.257801050693611,0.178953141603676,5.26517665164749,63.5,-9.18751196457565,1,0.892469113399694,1,1,0.89340975771017,0.765058589113432,0.839184563983258,1,1,0,0,T39,LOS,LOS,0,0,,,penetration_threshold
CP_caseB,B,CP,54,3.75,1.75,1,1,14.6785551822624,0.300697104763578,24,24,-60.1492450490581,-70.9883419870274,4.25578498352118,1.99600798403304,2.92190946248597,3.67442803487265,44.6606786427393,63.8050261700965,5.92243121739278,-69.8245784950111,-65.5687935114899,0.377274563251809,0.218460143397616,4.61991976409933,55.5,-7.77453314547562,1,0.996353612104803,1,2,0.980054103450065,0.978049691435161,0.996552675954261,1,1,0,0,T40,LOS,LOS,0,0,,,penetration_threshold
LP_caseB,B,LP,54,3.75,1.75,1,1,2.03685458770124,0.221680350777929,24,26,-69.4060194347679,-68.6696464547982,4.68242889070903,1.99600798403304,2.83595978691603,3.37632475813545,41.9161676646939,55.2761547470168,5.98293968557852,-73.7202618277373,-69.0378329370283,0.342746707552844,0.201181486894295,5.13741973508893,61.5,-7.78055525143861,1,0.888869410153521,1,2,0.879545351420487,0.9292543377292,0.942159100579785,1,1,0,0,T40,LOS,LOS,0,0,,,penetration_threshold
CP_caseB,B,CP,27,4.5,-0.25,1,1,0.709525143707487,0.266834600051411,27,27,-64.8868668733616,-63.6890343750124,5.08742083355657,2.24550898203717,3.19067909879721,3.36079238766382,43.1636726547145,33.8797419165234,4.294496667726,-69.3753714551306,-64.287950621574,0.312856017496086,0.19165556322375,5.55622344601777,61.5,-8.13208645576841,1,0.981847485881169,1,1,0.97543825600768,0.96332587903514,0.974794335315966,1,1,0,0,T44,NLOS,LOS,0.575,1,glass_partition_1,glass,penetration_threshold
LP_caseB,B,LP,27,4.5,-0.25,1,1,1.40913336813577,0.130953459029211,27,27,-67.6702937713731,-72.6429747956285,6.63810755372201,1.99600798403304,5.74322677498517,4.8381435360991,46.4071856287682,10.3413364163625,1.7010002149235,-76.7947418255418,-70.1566342718198,0.222789387901598,0.166480415012082,4.63379942637978,82,-10.4967984479896,1,0.219922253012503,0,4,0.241056387789532,0.278114016084769,0.235857160197886,0,0,0,0,T44,NLOS,LOS,0.575,1,glass_partition_1,glass,penetration_threshold
CP_caseB,B,CP,20,4.5,-0.75,1,1,0.235850592486327,0.291185143077463,27,27,-70.5818776275698,-63.8871386894707,4.95372140807838,1.99600798403304,3.69982467486236,4.5503013831694,39.6706586826567,21.2653517023651,3.73723940872915,-72.1882295599056,-67.2345081518272,0.322562799074259,0.188039684074196,5.82341932705285,69.5,-8.03422550426517,1,0.901740839086428,1,2,0.893199304588091,0.859916028923829,0.901341470585632,1,1,0,0,T43,NLOS,LOS,0.581,1,glass_partition_1,glass,penetration_threshold
LP_caseB,B,LP,20,4.5,-0.75,1,1,0.696182788225139,0.121822528608466,27,27,-71.2816394650177,-71.8163933464132,7.06576407219206,3.74251497006195,6.53935319503453,5.50151003957141,52.3952095808674,13.1080404864904,2.23597253375957,-78.6147804641053,-71.5490163919132,0.205443005641013,0.171193681538813,4.52343257844519,88,-10.3677711415623,1,0.245108106775243,0,3,0.233792127489781,0.256512500840767,0.221766615520007,0,0,0,0,T43,NLOS,LOS,0.581,1,glass_partition_1,glass,penetration_threshold
CP_caseB,B,CP,13,4.5,-1.25,1,1,0.29012824313979,0.110269230316908,29,27,-73.1243072218773,-70.6936649926989,7.66858617260757,3.74251497006195,7.87737914978815,6.86967531409808,47.4051896207848,5.18453524907741,1.36507328808805,-79.5775722643392,-71.9089860917316,0.199200176019586,0.174373073275038,5.22997796434477,80.5,-9.39541894030435,1,0.052342435793867,0,1,0.0547340095527185,0.115598267689423,0.095723745093673,0,0,0,0,T42,NLOS,LOS,0.594,1,glass_partition_1,glass,penetration_threshold
LP_caseB,B,LP,13,4.5,-1.25,1,1,0.907097987690233,0.0538119846125833,30,29,-72.2847440162632,-74.0743453661423,7.42441313216315,6.23752495010326,6.88885895462087,5.43468285344563,42.165668662698,10.4534313333375,2.07091148308868,-80.6039578028858,-73.1795446707226,0.193767160336772,0.165776011701824,5.87194984824892,79.5,-9.04370910181499,1,0.0348426983551736,0,2,0.0422150880148026,0.13582702423894,0.0790609065658713,0,0,0,0,T42,NLOS,LOS,0.594,1,glass_partition_1,glass,penetration_threshold
CP_caseB,B,CP,6,4.5,-1.75,1,1,0.0610739192433586,0.329375464115538,28,29,-69.6144751207021,-57.6483956615371,4.1107767137944,1.74650698602891,2.68539279253602,3.4148537790324,43.6626746507228,65.9154294316696,6.57181998346424,-67.7422121002213,-63.6314353864269,0.394251362588667,0.208708931344559,5.63070204006699,57,-7.17124951172338,1,0.997037155314082,1,4,0.994696310960572,0.993585701514376,0.997014756501265,1,1,0,0,T41,LOS,LOS,0,0,,,penetration_threshold
LP_caseB,B,LP,6,4.5,-1.75,1,1,2.02136356057926,0.214618106764584,29,29,-65.032247600537,-68.743915911831,5.69711412623189,1.99600798403304,4.28096870248078,3.95405086495368,46.1576846307641,48.1976379623517,3.86586215103574,-72.5851958772691,-66.8880817510372,0.272010347047597,0.17517715889544,5.71771291535565,61.5,-8.80289125206647,1,0.882148677913252,1,2,0.865149981024435,0.849373631600242,0.881556786916944,1,1,0,0,T41,LOS,LOS,0,0,,,penetration_threshold
CP_caseB,B,CP,34,4.5,0.25,1,1,0.854087710258843,0.26803955076158,27,27,-64.9016294852854,-64.4478007685015,5.11459149825004,2.24550898203717,3.51637963163677,4.12841148700087,45.4091816367517,32.4408504948419,4.36865895755983,-69.7893066223102,-64.6747151240602,0.313939908370818,0.193380123847287,5.39216999728811,72,-8.26147127427437,1,0.965924726448588,1,5,0.973331860377334,0.939243321369752,0.947503770870013,1,1,0,0,T45,NLOS,LOS,0.575,1,glass_partition_1,glass,penetration_threshold
LP_caseB,B,LP,34,4.5,0.25,1,1,1.12970399508476,0.1380218020985,27,27,-68.5505457037797,-72.4900456948436,7.13596098133493,2.99401197604956,5.7542650870716,5.68738203920174,52.8942115768756,14.030806151898,2.636310011952,-77.6562566686385,-70.5202956873036,0.208668858502755,0.145235427293334,6.37958625754612,88,-10.0571456896383,1,0.325816265348769,0,5,0.324756110615225,0.374722031277501,0.333431673632045,0,0,0,0,T45,NLOS,LOS,0.575,1,glass_partition_1,glass,penetration_threshold
CP_caseB,B,CP,41,4.5,0.75,1,1,2.97217666574102,0.281093388442871,27,27,-65.9676371991454,-69.4691999288961,4.84425459237929,1.74650698602891,4.50539313522802,6.48410923625881,46.1576846307641,15.2204859479717,3.25010373387262,-72.5626731502278,-67.7184185578485,0.330717997113272,0.208809038079083,4.3680373146535,81.5,-8.5458648066666,1,0.82560711839421,1,1,0.840429833707194,0.736193861300332,0.793628824517995,1,1,0,0,T46,NLOS,LOS,0.581,1,glass_partition_1,glass,penetration_threshold
LP_caseB,B,LP,41,4.5,0.75,1,1,1.55168826960583,0.108957063292574,27,28,-69.9895210706794,-71.5663812729246,9.43636088223419,8.48303393214043,7.00817782504409,4.77533400591252,44.6606786427393,22.1402020487054,2.8830994296663,-80.2143120423106,-70.7779511600764,0.114758351368796,0.156333942882006,6.14724924152184,76.5,-9.36442570510208,1,0.348244230546655,0,3,0.378953261911821,0.278801922413596,0.2847638343996,0,0,0,0,T46,NLOS,LOS,0.581,1,glass_partition_1,glass,penetration_threshold
CP_caseB,B,CP,48,4.5,1.25,1,1,4.11129056403929,0.271879135510841,28,29,-69.6257940113005,-71.1441753241485,8.40240755415774,3.49301397205782,6.78749658799395,6.50598260563722,55.8882235529252,9.64964717720941,2.10215534213829,-78.7873922111837,-70.3849846570259,0.169631165057115,0.154428470990172,6.55093612353892,94.5,-9.0867108562327,1,0.58254380184862,1,4,0.595988100079207,0.211080230693359,0.330167592277665,0,0,0,0,T47,NLOS,LOS,0.594,1,glass_partition_1,glass,penetration_threshold
LP_caseB,B,LP,48,4.5,1.25,1,1,0.200105436781253,0.213924916045287,28,35,-75.0468946215184,-68.9546925570634,5.66648682653778,7.98403193613217,5.62572930425752,5.0270120588196,47.6546906187889,41.860992459686,4.12072669295048,-77.6672803966255,-72.0007935700878,0.282028326252687,0.168825093964175,6.02017924607294,78,-8.8369207145267,1,0.581612098966963,1,2,0.659673233715184,0.567964179776179,0.629151740310075,1,1,0,0,T47,NLOS,LOS,0.594,1,glass_partition_1,glass,penetration_threshold
CP_caseB,B,CP,55,4.5,1.75,1,1,6.06403743309782,0.372115204700778,29,29,-59.4032154744926,-67.4464554493633,4.4095839070005,1.99600798403305,2.74198645485096,3.36180026895769,42.6646706587063,51.4281521130845,5.80196609102199,-67.83441936583,-63.4248354588295,0.362394045842622,0.192106087611079,6.30350463430961,51.5,-7.17158775213105,1,0.993634144746887,1,5,0.995411849538611,0.98539528731138,0.991954039092502,1,1,0,0,T48,LOS,LOS,0,0,,,penetration_threshold
LP_caseB,B,LP,55,4.5,1.75,1,1,12.6960697275657,0.323924561683959,29,29,-64.3363974538682,-72.7739249427716,6.47717387345696,3.24351297405369,3.76261211227704,3.64440112254086,42.9141716567104,31.1405148508625,4.12667524984897,-75.0323350613357,-68.5551611878787,0.236555154214178,0.187987036149597,6.19050046865795,60,-7.52030670127909,1,0.984778102073038,1,2,0.926739253595444,0.74729933361,0.969743486865684,1,1,0,0,T48,LOS,LOS,0,0,,,penetration_threshold
CP_caseB,B,CP,28,5.25,-0.25,1,1,0.549831263113481,0.229631739439988,32,32,-65.8899446785071,-65.0690294456074,5.73940820921958,2.24550898203717,3.93830863655953,5.07672465283681,48.6526946108054,30.9336761230833,4.63873203998245,-71.2188952678562,-65.4794870586366,0.272312911823492,0.165385731956463,6.6630494628713,81,-8.33906965740179,1,0.962273382233911,1,3,0.950423548176212,0.911305480115306,0.91399809052784,1,1,0,0,T52,NLOS,LOS,0.571,1,glass_partition_1,glass,penetration_threshold
LP_caseB,B,LP,28,5.25,-0.25,1,1,0.951326111159005,0.165544401244545,32,32,-70.9336043705258,-72.6235287022422,7.14036183640981,5.48902195609087,6.22501998941598,5.71297795554516,51.1477045908467,16.698155361092,2.79931405434727,-78.9189283579942,-71.7785665215844,0.19800832143347,0.150511665876117,5.53740172258836,92,-10.5084772287022,1,0.384243883922099,0,1,0.433993207286001,0.269095182094269,0.310929944520852,0,0,0,0,T52,NLOS,LOS,0.571,1,glass_partition_1,glass,penetration_threshold
CP_caseB,B,CP,21,5.25,-0.75,1,1,0.285999184470718,0.256061916322834,32,32,-68.1510622950745,-63.1397336854442,4.3032263554301,1.99600798403304,3.00026448879332,3.64760989876815,41.4171656686856,58.1368402170763,5.61433619243405,-69.948624341546,-65.6453979861159,0.371819098756171,0.215522661717814,4.80334230333662,64,-7.69455695486141,1,0.975159582358758,1,3,0.966991050192153,0.97874403476227,0.985649146246498,1,1,0,0,T51,NLOS,LOS,0.576,1,glass_partition_1,glass,penetration_threshold
LP_caseB,B,LP,21,5.25,-0.75,1,1,0.922649216994752,0.213814994726124,32,32,-73.2858228035978,-73.238103041652,6.77073881167292,1.99600798403304,6.51033427463897,6.31440793130004,49.6506986028219,11.7344741048283,2.40540787102277,-80.0327017138603,-73.2619629021874,0.210472078430217,0.148437044840502,5.86934809621294,85.5,-10.2562998280938,1,0.210810546755955,0,1,0.204089876789285,0.157663599238655,0.278080744916532,0,0,0,0,T51,NLOS,LOS,0.576,1,glass_partition_1,glass,penetration_threshold
CP_caseB,B,CP,14,5.25,-1.25,1,1,0.1860696398182,0.237461112918736,33,33,-69.2768200347763,-64.4550919045551,5.25840646661592,1.74650698602891,5.00263108957352,5.12006511838833,47.904191616793,29.4908980631564,3.88136665191131,-72.1243624308547,-66.8659559642388,0.310381641201102,0.184730710608806,5.27865402831978,76,-8.7862549503138,1,0.876945518616803,1,1,0.862980901238579,0.85962918748251,0.895806238002522,1,1,0,0,T50,NLOS,LOS,0.585,1,glass_partition_1,glass,penetration_threshold
LP_caseB,B,LP,14,5.25,-1.25,1,1,0.486015561746184,0.129526751990428,33,33,-73.6684785660551,-72.4001886593368,8.36799370876011,3.2435129740537,6.64752018172889,6.11594064895739,50.6487025948384,13.1081449888863,2.4733702874961,-81.4023273018554,-73.0343335930953,0.150169098298464,0.160130000615122,6.04672742860715,92,-9.30458209857207,1,0.138302343660198,0,4,0.123245210217712,0.114436118746162,0.114921600951569,0,0,0,0,T50,NLOS,LOS,0.585,1,glass_partition_1,glass,penetration_threshold
CP_caseB,B,CP,7,5.25,-1.75,0,1,0.0363749942553935,0.206337635363417,33,34,-74.7015463736618,-62.7939348799164,4.9925396855247,1.99600798403305,3.9908321089995,4.0913286522249,40.6686626746732,15.3176034473175,2.72371169685281,-73.7402802971616,-68.7477406116369,0.31776524797629,0.190098396827988,5.48164074168098,61,-8.22043888859125,1,0.618577811136192,1,1,0.532417632569132,0.73259348871494,0.747639292739939,1,1,0,0,T49,NLOS,NLOS,160674.598,1,metal_cabinet_1,metal,hard_block_material
LP_caseB,B,LP,7,5.25,-1.75,0,1,0.810079051419807,0.222139748002669,34,34,-75.9418993119004,-73.8488607737839,6.58523982905877,2.24550898203717,5.19333769665784,4.91279287357705,41.9161676646939,15.9069162505083,2.62280082594787,-81.4806198412636,-74.8953800122048,0.230634042294938,0.162058815085919,5.80076533064646,79,-9.65624486460921,1,0.183615087406694,0,5,0.143696071422056,0.197055243109197,0.293005163267932,0,0,0,0,T49,NLOS,NLOS,160674.598,1,metal_cabinet_1,metal,hard_block_material
CP_caseB,B,CP,35,5.25,0.25,1,1,1.07919782586234,0.29908954734111,32,32,-66.0353046530725,-66.9660979047656,5.18721267527379,2.24550898203717,3.56793076329139,5.20001475983353,48.4031936128013,32.1277094940016,4.79687718351834,-71.6879139498598,-66.5007012745861,0.30361322303868,0.176720388548739,6.48161066752828,78.5,-7.83135007547094,1,0.968741919564258,1,2,0.965556976421061,0.932044549734936,0.94578417870463,1,1,0,0,T53,NLOS,LOS,0.571,1,glass_partition_1,glass,penetration_threshold
LP_caseB,B,LP,35,5.25,0.25,1,1,1.75477057145465,0.167037443957363,32,32,-70.6978998946222,-72.908917491309,7.73953114666593,5.738522954095,6.38123700938915,5.74344533823216,47.904191616793,16.5586914557061,2.97006984976441,-79.5429398245486,-71.8034086778826,0.168824693153626,0.158771480884117,5.21090517655052,83,-10.3446542226168,1,0.437765486177664,0,2,0.44404648869778,0.274848978861225,0.296066804618848,0,0,0,0,T53,NLOS,LOS,0.571,1,glass_partition_1,glass,penetration_threshold
CP_caseB,B,CP,42,5.25,0.75,1,1,1.89367591654768,0.255705674440493,32,32,-64.2572073786639,-66.9633346855735,4.51748455440617,1.99600798403304,3.6335222866617,5.14620099884106,44.6606786427393,28.3848622831596,4.37538385455254,-70.1277555828436,-65.6102710284375,0.353394249919714,0.208436689207184,4.91400780160953,72,-7.9211261898423,1,0.928209520708625,1,3,0.938450950197451,0.920105056180834,0.925419323194563,1,1,0,0,T54,NLOS,LOS,0.576,1,glass_partition_1,glass,penetration_threshold
LP_caseB,B,LP,42,5.25,0.75,1,1,2.20876610557817,0.161863035922436,32,32,-69.6347716098074,-72.6154094212271,7.60828601398948,4.24151696607021,6.81638935065553,6.49644155007566,55.1397205589128,14.853935593994,2.82919468662346,-78.7333765162688,-71.1250905022793,0.174561311087296,0.141427638507205,6.1602851423391,94,-10.4736004141467,1,0.353804317122086,0,1,0.410983937593212,0.249605090272666,0.267030152911491,0,0,0,0,T54,NLOS,LOS,0.576,1,glass_partition_1,glass,penetration_threshold
CP_caseB,B,CP,49,5.25,1.25,1,1,2.43967980923428,0.387990277827823,33,33,-65.1003493218587,-66.2599248037742,4.86819137096367,1.99600798403304,3.7512759461097,5.75175564506369,43.4131736527187,22.7599334868419,4.17917129834991,-70.5483284301818,-65.6801370592182,0.328324401461313,0.192287709257861,5.63740246161869,70,-7.92170527095402,1,0.971915329135503,1,5,0.982378497793592,0.888370352374262,0.941308587377185,1,1,0,0,T55,NLOS,LOS,0.585,1,glass_partition_1,glass,penetration_threshold
LP_caseB,B,LP,49,5.25,1.25,1,1,2.79275903838316,0.225535810120856,33,34,-67.465740212787,-68.712889369934,6.14829319465415,2.49500998004131,4.25462243598198,4.80575899190369,44.9101796407435,34.7804985420501,4.57794882114378,-74.2376079797396,-68.0893147850854,0.248301005859403,0.184768543631493,5.25431329796864,76.5,-8.74358437216792,1,0.890650547335549,1,5,0.885715140811768,0.832734418634011,0.845458257579415,1,1,0,0,T55,NLOS,LOS,0.585,1,glass_partition_1,glass,penetration_threshold
CP_caseB,B,CP,56,5.25,1.75,1,1,3.59715673693097,0.419138869587804,34,34,-61.029437032269,-64.4135718658333,4.31105872447865,1.99600798403304,2.64541967022624,3.46807422602032,43.4131736527187,61.9288057313439,6.67513274855874,-67.0325631715865,-62.7215044471078,0.371238281267223,0.209452675376028,5.30669007007913,53,-7.40712328219738,1,0.999141843595921,1,4,0.998944319275315,0.995289308286687,0.998573179870988,1,1,0,0,T56,LOS,LOS,0,0,,,penetration_threshold
LP_caseB,B,LP,56,5.25,1.75,1,1,1.22338621588392,0.37404194456924,34,35,-66.2717378735977,-66.2627932424489,4.98205946399074,2.24550898203717,2.86935419143988,2.99771648554781,43.1636726547145,95.1783767035106,6.63475129792917,-71.2493250179313,-66.2672655539406,0.319463909748354,0.18275254786448,6.43476936688981,53,-7.53455300454485,1,0.991830941258337,1,4,0.994272344637867,0.979186471164652,0.994112122396839,1,1,0,0,T56,LOS,LOS,0,0,,,penetration_threshold
