label_mode,scope,feature_name,sample_id,scenario,x_m,y_m,label,feature_value,local_raw_auc,local_effective_auc,n_local,n_los_local,n_nlos_local,min_class_local,unstable_flag
geometric_class,B,gamma_CP_rx1,1,B,0.75,-1.75,1,0.703876825260898,NaN,NaN,15,15,0,0,1
geometric_class,B,gamma_CP_rx1,2,B,1.5,-1.75,1,0.750719142919264,0.714285714285714,0.714285714285714,15,14,1,1,1
geometric_class,B,gamma_CP_rx1,3,B,2.25,-1.75,1,0.540716991187168,0.714285714285714,0.714285714285714,15,14,1,1,1
geometric_class,B,gamma_CP_rx1,4,B,3,-1.75,1,0.545836097636117,0.772727272727273,0.772727272727273,15,11,4,4,1
geometric_class,B,gamma_CP_rx1,5,B,3.75,-1.75,1,-0.15801076725729,0.571428571428571,0.571428571428571,15,7,8,7,0
geometric_class,B,gamma_CP_rx1,6,B,4.5,-1.75,1,-0.237459758088597,0.5,0.5,15,5,10,5,0
geometric_class,B,gamma_CP_rx1,7,B,5.25,-1.75,0,0.19380489157641,0.409090909090909,0.590909090909091,15,4,11,4,1
geometric_class,B,gamma_CP_rx1,8,B,0.75,-1.25,1,1.14975742631263,NaN,NaN,15,15,0,0,1
geometric_class,B,gamma_CP_rx1,9,B,1.5,-1.25,1,0.534491937828971,NaN,NaN,15,15,0,0,1
geometric_class,B,gamma_CP_rx1,10,B,2.25,-1.25,1,0.230431851318336,0.730769230769231,0.730769230769231,15,13,2,2,1
geometric_class,B,gamma_CP_rx1,11,B,3,-1.25,1,0.351200682314462,0.611111111111111,0.611111111111111,15,9,6,6,0
geometric_class,B,gamma_CP_rx1,12,B,3.75,-1.25,1,0.563703933128707,0.407407407407407,0.592592592592593,15,6,9,6,0
geometric_class,B,gamma_CP_rx1,13,B,4.5,-1.25,0,-0.572306602282194,0.44,0.56,15,5,10,5,0
geometric_class,B,gamma_CP_rx1,14,B,5.25,-1.25,0,0.427744337345077,0.277777777777778,0.722222222222222,15,3,12,3,1
geometric_class,B,gamma_CP_rx1,15,B,0.75,-0.75,1,0.141514211758006,NaN,NaN,15,15,0,0,1
geometric_class,B,gamma_CP_rx1,16,B,1.5,-0.75,1,0.175567173447591,NaN,NaN,15,15,0,0,1
geometric_class,B,gamma_CP_rx1,17,B,2.25,-0.75,1,0.436416812450924,0.527777777777778,0.527777777777778,15,12,3,3,1
geometric_class,B,gamma_CP_rx1,18,B,3,-0.75,0,0.290845509357814,0.444444444444444,0.555555555555556,15,9,6,6,0
geometric_class,B,gamma_CP_rx1,19,B,3.75,-0.75,0,0.280243320831364,0.38,0.62,15,5,10,5,0
geometric_class,B,gamma_CP_rx1,20,B,4.5,-0.75,0,0.476477226744233,0.277777777777778,0.722222222222222,15,3,12,3,1
geometric_class,B,gamma_CP_rx1,21,B,5.25,-0.75,0,0.344610380479224,0.346153846153846,0.653846153846154,15,2,13,2,1
geometric_class,B,gamma_CP_rx1,22,B,0.75,-0.25,1,0.317091818621197,NaN,NaN,15,15,0,0,1
geometric_class,B,gamma_CP_rx1,23,B,1.5,-0.25,1,0.266299956017718,NaN,NaN,15,15,0,0,1
geometric_class,B,gamma_CP_rx1,24,B,2.25,-0.25,1,0.40939070018119,0.454545454545455,0.545454545454545,15,11,4,4,1
geometric_class,B,gamma_CP_rx1,25,B,3,-0.25,0,0.397215052363639,0.446428571428571,0.553571428571429,15,7,8,7,0
geometric_class,B,gamma_CP_rx1,26,B,3.75,-0.25,0,0.505888337408846,0.384615384615385,0.615384615384615,15,2,13,2,1
geometric_class,B,gamma_CP_rx1,27,B,4.5,-0.25,0,0.515458178231592,0.5,0.5,15,1,14,1,1
geometric_class,B,gamma_CP_rx1,28,B,5.25,-0.25,0,0.590122971441305,NaN,NaN,15,0,15,0,1
geometric_class,B,gamma_CP_rx1,29,B,0.75,0.25,1,1.24122051545543,NaN,NaN,15,15,0,0,1
geometric_class,B,gamma_CP_rx1,30,B,1.5,0.25,1,0.718836165778259,NaN,NaN,15,15,0,0,1
geometric_class,B,gamma_CP_rx1,31,B,2.25,0.25,1,0.651793810434081,0.659090909090909,0.659090909090909,15,11,4,4,1
geometric_class,B,gamma_CP_rx1,32,B,3,0.25,0,0.671333453896976,0.767857142857143,0.767857142857143,15,7,8,7,0
geometric_class,B,gamma_CP_rx1,33,B,3.75,0.25,0,0.677812645033558,1,1,15,2,13,2,1
geometric_class,B,gamma_CP_rx1,34,B,4.5,0.25,0,0.603603974005773,1,1,15,1,14,1,1
geometric_class,B,gamma_CP_rx1,35,B,5.25,0.25,0,0.628084556326829,0.928571428571428,0.928571428571428,15,1,14,1,1
geometric_class,B,gamma_CP_rx1,36,B,0.75,0.75,1,0.873904012708618,NaN,NaN,15,15,0,0,1
geometric_class,B,gamma_CP_rx1,37,B,1.5,0.75,1,1.31331776828931,NaN,NaN,15,15,0,0,1
geometric_class,B,gamma_CP_rx1,38,B,2.25,0.75,1,1.3176366369459,0.75,0.75,15,12,3,3,1
geometric_class,B,gamma_CP_rx1,39,B,3,0.75,0,0.97906454401422,0.851851851851852,0.851851851851852,15,9,6,6,0
geometric_class,B,gamma_CP_rx1,40,B,3.75,0.75,0,0.596792308719203,1,1,15,5,10,5,0
geometric_class,B,gamma_CP_rx1,41,B,4.5,0.75,0,0.834906508478982,0.977272727272727,0.977272727272727,15,4,11,4,1
geometric_class,B,gamma_CP_rx1,42,B,5.25,0.75,0,0.753323117115444,0.972222222222222,0.972222222222222,15,3,12,3,1
geometric_class,B,gamma_CP_rx1,43,B,0.75,1.25,1,1.32423155867255,NaN,NaN,15,15,0,0,1
geometric_class,B,gamma_CP_rx1,44,B,1.5,1.25,1,1.95070265138022,0.571428571428571,0.571428571428571,15,14,1,1,1
geometric_class,B,gamma_CP_rx1,45,B,2.25,1.25,1,1.37484941959414,0.769230769230769,0.769230769230769,15,13,2,2,1
geometric_class,B,gamma_CP_rx1,46,B,3,1.25,1,1.46063378293863,0.925925925925926,0.925925925925926,15,9,6,6,0
geometric_class,B,gamma_CP_rx1,47,B,3.75,1.25,1,1.20130833031312,1,1,15,6,9,6,0
geometric_class,B,gamma_CP_rx1,48,B,4.5,1.25,0,0.74312312454814,0.96,0.96,15,5,10,5,0
geometric_class,B,gamma_CP_rx1,49,B,5.25,1.25,0,1.12382323391284,0.977272727272727,0.977272727272727,15,4,11,4,1
geometric_class,B,gamma_CP_rx1,50,B,0.75,1.75,1,0.277521381250725,NaN,NaN,15,15,0,0,1
geometric_class,B,gamma_CP_rx1,51,B,1.5,1.75,1,0.859672498454131,0.642857142857143,0.642857142857143,15,14,1,1,1
geometric_class,B,gamma_CP_rx1,52,B,2.25,1.75,1,1.21027951008887,0.714285714285714,0.714285714285714,15,14,1,1,1
geometric_class,B,gamma_CP_rx1,53,B,3,1.75,1,1.38774257590279,0.909090909090909,0.909090909090909,15,11,4,4,1
geometric_class,B,gamma_CP_rx1,54,B,3.75,1.75,1,1.33067575091962,0.964285714285714,0.964285714285714,15,8,7,7,0
geometric_class,B,gamma_CP_rx1,55,B,4.5,1.75,1,1.22136552635994,0.962962962962963,0.962962962962963,15,6,9,6,0
geometric_class,B,gamma_CP_rx1,56,B,5.25,1.75,1,0.892737462055846,0.98,0.98,15,5,10,5,0
geometric_class,B,gamma_CP_rx2,1,B,0.75,-1.75,1,0.043232531092477,NaN,NaN,15,15,0,0,1
geometric_class,B,gamma_CP_rx2,2,B,1.5,-1.75,1,0.719988610860292,0.571428571428571,0.571428571428571,15,14,1,1,1
geometric_class,B,gamma_CP_rx2,3,B,2.25,-1.75,1,1.71996713606137,0.642857142857143,0.642857142857143,15,14,1,1,1
geometric_class,B,gamma_CP_rx2,4,B,3,-1.75,1,1.63962328576024,0.818181818181818,0.818181818181818,15,11,4,4,1
geometric_class,B,gamma_CP_rx2,5,B,3.75,-1.75,1,1.63498260232158,1,1,15,7,8,7,0
geometric_class,B,gamma_CP_rx2,6,B,4.5,-1.75,1,1.78932216944281,0.96,0.96,15,5,10,5,0
geometric_class,B,gamma_CP_rx2,7,B,5.25,-1.75,0,0.686988654440719,0.977272727272727,0.977272727272727,15,4,11,4,1
geometric_class,B,gamma_CP_rx2,8,B,0.75,-1.25,1,0.67720437489183,NaN,NaN,15,15,0,0,1
geometric_class,B,gamma_CP_rx2,9,B,1.5,-1.25,1,1.40388152874669,NaN,NaN,15,15,0,0,1
geometric_class,B,gamma_CP_rx2,10,B,2.25,-1.25,1,1.70924956063973,0.615384615384615,0.615384615384615,15,13,2,2,1
geometric_class,B,gamma_CP_rx2,11,B,3,-1.25,1,1.52033750254291,0.925925925925926,0.925925925925926,15,9,6,6,0
geometric_class,B,gamma_CP_rx2,12,B,3.75,-1.25,1,1.4507610635488,0.962962962962963,0.962962962962963,15,6,9,6,0
geometric_class,B,gamma_CP_rx2,13,B,4.5,-1.25,0,0.723815994134112,0.96,0.96,15,5,10,5,0
geometric_class,B,gamma_CP_rx2,14,B,5.25,-1.25,0,1.12962684062055,0.972222222222222,0.972222222222222,15,3,12,3,1
geometric_class,B,gamma_CP_rx2,15,B,0.75,-0.75,1,1.19630696516138,NaN,NaN,15,15,0,0,1
geometric_class,B,gamma_CP_rx2,16,B,1.5,-0.75,1,2.75691982904637,NaN,NaN,15,15,0,0,1
geometric_class,B,gamma_CP_rx2,17,B,2.25,-0.75,1,1.64588789518281,0.638888888888889,0.638888888888889,15,12,3,3,1
geometric_class,B,gamma_CP_rx2,18,B,3,-0.75,0,1.40353421689952,0.833333333333333,0.833333333333333,15,9,6,6,0
geometric_class,B,gamma_CP_rx2,19,B,3.75,-0.75,0,1.44775780585459,0.96,0.96,15,5,10,5,0
geometric_class,B,gamma_CP_rx2,20,B,4.5,-0.75,0,1.33684738869799,0.972222222222222,0.972222222222222,15,3,12,3,1
geometric_class,B,gamma_CP_rx2,21,B,5.25,-0.75,0,1.35988788596023,0.961538461538462,0.961538461538462,15,2,13,2,1
geometric_class,B,gamma_CP_rx2,22,B,0.75,-0.25,1,1.98910037861002,NaN,NaN,15,15,0,0,1
geometric_class,B,gamma_CP_rx2,23,B,1.5,-0.25,1,1.21644895475826,NaN,NaN,15,15,0,0,1
geometric_class,B,gamma_CP_rx2,24,B,2.25,-0.25,1,1.11081607464972,0.568181818181818,0.568181818181818,15,11,4,4,1
geometric_class,B,gamma_CP_rx2,25,B,3,-0.25,0,1.31057134625762,0.678571428571428,0.678571428571428,15,7,8,7,0
geometric_class,B,gamma_CP_rx2,26,B,3.75,-0.25,0,0.977799680404893,0.923076923076923,0.923076923076923,15,2,13,2,1
geometric_class,B,gamma_CP_rx2,27,B,4.5,-0.25,0,1.59104779240739,0.928571428571428,0.928571428571428,15,1,14,1,1
geometric_class,B,gamma_CP_rx2,28,B,5.25,-0.25,0,1.3821215164367,NaN,NaN,15,0,15,0,1
geometric_class,B,gamma_CP_rx2,29,B,0.75,0.25,1,0.317501475435287,NaN,NaN,15,15,0,0,1
geometric_class,B,gamma_CP_rx2,30,B,1.5,0.25,1,0.421710337275977,NaN,NaN,15,15,0,0,1
geometric_class,B,gamma_CP_rx2,31,B,2.25,0.25,1,0.70997939662816,0.295454545454545,0.704545454545455,15,11,4,4,1
geometric_class,B,gamma_CP_rx2,32,B,3,0.25,0,0.927878507360356,0.285714285714286,0.714285714285714,15,7,8,7,0
geometric_class,B,gamma_CP_rx2,33,B,3.75,0.25,0,0.833016250848919,0.192307692307692,0.807692307692308,15,2,13,2,1
geometric_class,B,gamma_CP_rx2,34,B,4.5,0.25,0,1.41458454118775,0.214285714285714,0.785714285714286,15,1,14,1,1
geometric_class,B,gamma_CP_rx2,35,B,5.25,0.25,0,1.30376945544452,0.428571428571429,0.571428571428571,15,1,14,1,1
geometric_class,B,gamma_CP_rx2,36,B,0.75,0.75,1,0.0297860837325104,NaN,NaN,15,15,0,0,1
geometric_class,B,gamma_CP_rx2,37,B,1.5,0.75,1,-0.00578005607616621,NaN,NaN,15,15,0,0,1
geometric_class,B,gamma_CP_rx2,38,B,2.25,0.75,1,0.373194531726614,0.138888888888889,0.861111111111111,15,12,3,3,1
geometric_class,B,gamma_CP_rx2,39,B,3,0.75,0,0.548388845532686,0.166666666666667,0.833333333333333,15,9,6,6,0
geometric_class,B,gamma_CP_rx2,40,B,3.75,0.75,0,0.995004402860803,0.28,0.72,15,5,10,5,0
geometric_class,B,gamma_CP_rx2,41,B,4.5,0.75,0,0.830218619628539,0.363636363636364,0.636363636363636,15,4,11,4,1
geometric_class,B,gamma_CP_rx2,42,B,5.25,0.75,0,1.15020500338267,0.361111111111111,0.638888888888889,15,3,12,3,1
geometric_class,B,gamma_CP_rx2,43,B,0.75,1.25,1,-0.0441450202514789,NaN,NaN,15,15,0,0,1
geometric_class,B,gamma_CP_rx2,44,B,1.5,1.25,1,-0.14845612194104,0.142857142857143,0.857142857142857,15,14,1,1,1
geometric_class,B,gamma_CP_rx2,45,B,2.25,1.25,1,-0.0503832617373541,0.153846153846154,0.846153846153846,15,13,2,2,1
geometric_class,B,gamma_CP_rx2,46,B,3,1.25,1,0.390405125575921,0.185185185185185,0.814814814814815,15,9,6,6,0
geometric_class,B,gamma_CP_rx2,47,B,3.75,1.25,1,0.866423138351703,0.296296296296296,0.703703703703704,15,6,9,6,0
geometric_class,B,gamma_CP_rx2,48,B,4.5,1.25,0,-0.0745341130193276,0.38,0.62,15,5,10,5,0
geometric_class,B,gamma_CP_rx2,49,B,5.25,1.25,0,0.945755492132702,0.318181818181818,0.681818181818182,15,4,11,4,1
geometric_class,B,gamma_CP_rx2,50,B,0.75,1.75,1,-0.174287721567211,NaN,NaN,15,15,0,0,1
geometric_class,B,gamma_CP_rx2,51,B,1.5,1.75,1,-0.663085338509639,0.0714285714285714,0.928571428571429,15,14,1,1,1
geometric_class,B,gamma_CP_rx2,52,B,2.25,1.75,1,-0.114475078338371,0.214285714285714,0.785714285714286,15,14,1,1,1
geometric_class,B,gamma_CP_rx2,53,B,3,1.75,1,-0.18823403980718,0.295454545454545,0.704545454545455,15,11,4,4,1
geometric_class,B,gamma_CP_rx2,54,B,3.75,1.75,1,0.753471036840276,0.392857142857143,0.607142857142857,15,8,7,7,0
geometric_class,B,gamma_CP_rx2,55,B,4.5,1.75,1,1.01598033330458,0.351851851851852,0.648148148148148,15,6,9,6,0
geometric_class,B,gamma_CP_rx2,56,B,5.25,1.75,1,1.02688142982812,0.28,0.72,15,5,10,5,0
geometric_class,B,a_FP_RHCP_rx1,1,B,0.75,-1.75,1,0.247563858729088,NaN,NaN,15,15,0,0,1
geometric_class,B,a_FP_RHCP_rx1,2,B,1.5,-1.75,1,0.257943176293421,0,1,15,14,1,1,1
geometric_class,B,a_FP_RHCP_rx1,3,B,2.25,-1.75,1,0.288905479491629,0,1,15,14,1,1,1
geometric_class,B,a_FP_RHCP_rx1,4,B,3,-1.75,1,0.231465167346482,0.522727272727273,0.522727272727273,15,11,4,4,1
geometric_class,B,a_FP_RHCP_rx1,5,B,3.75,-1.75,1,0.291019649612112,0.535714285714286,0.535714285714286,15,7,8,7,0
geometric_class,B,a_FP_RHCP_rx1,6,B,4.5,-1.75,1,0.32937558198004,0.62,0.62,15,5,10,5,0
geometric_class,B,a_FP_RHCP_rx1,7,B,5.25,-1.75,0,0.206336340096606,0.704545454545455,0.704545454545455,15,4,11,4,1
geometric_class,B,a_FP_RHCP_rx1,8,B,0.75,-1.25,1,0.331143379432282,NaN,NaN,15,15,0,0,1
geometric_class,B,a_FP_RHCP_rx1,9,B,1.5,-1.25,1,0.244151749851066,NaN,NaN,15,15,0,0,1
geometric_class,B,a_FP_RHCP_rx1,10,B,2.25,-1.25,1,0.267644051781136,0.307692307692308,0.692307692307692,15,13,2,2,1
geometric_class,B,a_FP_RHCP_rx1,11,B,3,-1.25,1,0.257882967570354,0.37037037037037,0.62962962962963,15,9,6,6,0
geometric_class,B,a_FP_RHCP_rx1,12,B,3.75,-1.25,1,0.30265990656672,0.425925925925926,0.574074074074074,15,6,9,6,0
geometric_class,B,a_FP_RHCP_rx1,13,B,4.5,-1.25,0,0.110266481291145,0.68,0.68,15,5,10,5,0
geometric_class,B,a_FP_RHCP_rx1,14,B,5.25,-1.25,0,0.237465697494454,0.861111111111111,0.861111111111111,15,3,12,3,1
geometric_class,B,a_FP_RHCP_rx1,15,B,0.75,-0.75,1,0.256203923335644,NaN,NaN,15,15,0,0,1
geometric_class,B,a_FP_RHCP_rx1,16,B,1.5,-0.75,1,0.367169716517278,NaN,NaN,15,15,0,0,1
geometric_class,B,a_FP_RHCP_rx1,17,B,2.25,-0.75,1,0.349540726717717,0.305555555555556,0.694444444444444,15,12,3,3,1
geometric_class,B,a_FP_RHCP_rx1,18,B,3,-0.75,0,0.393902129299843,0.240740740740741,0.759259259259259,15,9,6,6,0
geometric_class,B,a_FP_RHCP_rx1,19,B,3.75,-0.75,0,0.268898192628369,0.38,0.62,15,5,10,5,0
geometric_class,B,a_FP_RHCP_rx1,20,B,4.5,-0.75,0,0.291184810313472,0.777777777777778,0.777777777777778,15,3,12,3,1
geometric_class,B,a_FP_RHCP_rx1,21,B,5.25,-0.75,0,0.256062380177489,0.923076923076923,0.923076923076923,15,2,13,2,1
geometric_class,B,a_FP_RHCP_rx1,22,B,0.75,-0.25,1,0.310194213168612,NaN,NaN,15,15,0,0,1
geometric_class,B,a_FP_RHCP_rx1,23,B,1.5,-0.25,1,0.365063962744766,NaN,NaN,15,15,0,0,1
geometric_class,B,a_FP_RHCP_rx1,24,B,2.25,-0.25,1,0.294467251300359,0.363636363636364,0.636363636363636,15,11,4,4,1
geometric_class,B,a_FP_RHCP_rx1,25,B,3,-0.25,0,0.282946084800309,0.375,0.625,15,7,8,7,0
geometric_class,B,a_FP_RHCP_rx1,26,B,3.75,-0.25,0,0.383034663179524,0.346153846153846,0.653846153846154,15,2,13,2,1
geometric_class,B,a_FP_RHCP_rx1,27,B,4.5,-0.25,0,0.266820511546719,0.857142857142857,0.857142857142857,15,1,14,1,1
geometric_class,B,a_FP_RHCP_rx1,28,B,5.25,-0.25,0,0.229622731599216,NaN,NaN,15,0,15,0,1
geometric_class,B,a_FP_RHCP_rx1,29,B,0.75,0.25,1,0.32571111915222,NaN,NaN,15,15,0,0,1
geometric_class,B,a_FP_RHCP_rx1,30,B,1.5,0.25,1,0.37651663927442,NaN,NaN,15,15,0,0,1
geometric_class,B,a_FP_RHCP_rx1,31,B,2.25,0.25,1,0.304704216716531,0.454545454545455,0.545454545454545,15,11,4,4,1
geometric_class,B,a_FP_RHCP_rx1,32,B,3,0.25,0,0.330360261630045,0.517857142857143,0.517857142857143,15,7,8,7,0
geometric_class,B,a_FP_RHCP_rx1,33,B,3.75,0.25,0,0.355555157692281,0.692307692307692,0.692307692307692,15,2,13,2,1
geometric_class,B,a_FP_RHCP_rx1,34,B,4.5,0.25,0,0.268033537785275,0.857142857142857,0.857142857142857,15,1,14,1,1
geometric_class,B,a_FP_RHCP_rx1,35,B,5.25,0.25,0,0.299072159277254,1,1,15,1,14,1,1
geometric_class,B,a_FP_RHCP_rx1,36,B,0.75,0.75,1,0.293940388924657,NaN,NaN,15,15,0,0,1
geometric_class,B,a_FP_RHCP_rx1,37,B,1.5,0.75,1,0.404268907281644,NaN,NaN,15,15,0,0,1
geometric_class,B,a_FP_RHCP_rx1,38,B,2.25,0.75,1,0.402030678937979,0.527777777777778,0.527777777777778,15,12,3,3,1
geometric_class,B,a_FP_RHCP_rx1,39,B,3,0.75,0,0.434588377105616,0.537037037037037,0.537037037037037,15,9,6,6,0
geometric_class,B,a_FP_RHCP_rx1,40,B,3.75,0.75,0,0.262294535076014,0.74,0.74,15,5,10,5,0
geometric_class,B,a_FP_RHCP_rx1,41,B,4.5,0.75,0,0.281128160584015,0.840909090909091,0.840909090909091,15,4,11,4,1
geometric_class,B,a_FP_RHCP_rx1,42,B,5.25,0.75,0,0.255681941256211,0.944444444444445,0.944444444444445,15,3,12,3,1
geometric_class,B,a_FP_RHCP_rx1,43,B,0.75,1.25,1,0.289146043385175,NaN,NaN,15,15,0,0,1
geometric_class,B,a_FP_RHCP_rx1,44,B,1.5,1.25,1,0.313595461297965,0,1,15,14,1,1,1
geometric_class,B,a_FP_RHCP_rx1,45,B,2.25,1.25,1,0.345614187564115,0.269230769230769,0.730769230769231,15,13,2,2,1
geometric_class,B,a_FP_RHCP_rx1,46,B,3,1.25,1,0.305964214422405,0.666666666666667,0.666666666666667,15,9,6,6,0
geometric_class,B,a_FP_RHCP_rx1,47,B,3.75,1.25,1,0.365722704190527,0.611111111111111,0.611111111111111,15,6,9,6,0
geometric_class,B,a_FP_RHCP_rx1,48,B,4.5,1.25,0,0.271713055597154,0.78,0.78,15,5,10,5,0
geometric_class,B,a_FP_RHCP_rx1,49,B,5.25,1.25,0,0.387993758671541,0.909090909090909,0.909090909090909,15,4,11,4,1
geometric_class,B,a_FP_RHCP_rx1,50,B,0.75,1.75,1,0.359386343663199,NaN,NaN,15,15,0,0,1
geometric_class,B,a_FP_RHCP_rx1,51,B,1.5,1.75,1,0.28876035898183,0,1,15,14,1,1,1
geometric_class,B,a_FP_RHCP_rx1,52,B,2.25,1.75,1,0.381335959452624,0,1,15,14,1,1,1
geometric_class,B,a_FP_RHCP_rx1,53,B,3,1.75,1,0.394256727244182,0.636363636363636,0.636363636363636,15,11,4,4,1
geometric_class,B,a_FP_RHCP_rx1,54,B,3.75,1.75,1,0.300771628697052,0.660714285714286,0.660714285714286,15,8,7,7,0
geometric_class,B,a_FP_RHCP_rx1,55,B,4.5,1.75,1,0.372126433453531,0.777777777777778,0.777777777777778,15,6,9,6,0
geometric_class,B,a_FP_RHCP_rx1,56,B,5.25,1.75,1,0.419068027303834,0.92,0.92,15,5,10,5,0
geometric_class,B,a_FP_LHCP_rx1,1,B,0.75,-1.75,1,0.113303193262132,NaN,NaN,15,15,0,0,1
geometric_class,B,a_FP_LHCP_rx1,2,B,1.5,-1.75,1,0.128277873744673,0.357142857142857,0.642857142857143,15,14,1,1,1
geometric_class,B,a_FP_LHCP_rx1,3,B,2.25,-1.75,1,0.136615346354216,0.285714285714286,0.714285714285714,15,14,1,1,1
geometric_class,B,a_FP_LHCP_rx1,4,B,3,-1.75,1,0.0940622630291847,0.681818181818182,0.681818181818182,15,11,4,4,1
geometric_class,B,a_FP_LHCP_rx1,5,B,3.75,-1.75,1,0.0598863181393882,0.625,0.625,15,7,8,7,0
geometric_class,B,a_FP_LHCP_rx1,6,B,4.5,-1.75,1,0.0731759344509683,0.5,0.5,15,5,10,5,0
geometric_class,B,a_FP_LHCP_rx1,7,B,5.25,-1.75,0,0.125680842623223,0.409090909090909,0.590909090909091,15,4,11,4,1
geometric_class,B,a_FP_LHCP_rx1,8,B,0.75,-1.25,1,0.158919366403981,NaN,NaN,15,15,0,0,1
geometric_class,B,a_FP_LHCP_rx1,9,B,1.5,-1.25,1,0.18551117657886,NaN,NaN,15,15,0,0,1
geometric_class,B,a_FP_LHCP_rx1,10,B,2.25,-1.25,1,0.166779243456541,0.615384615384615,0.615384615384615,15,13,2,2,1
geometric_class,B,a_FP_LHCP_rx1,11,B,3,-1.25,1,0.17044835804586,0.685185185185185,0.685185185185185,15,9,6,6,0
geometric_class,B,a_FP_LHCP_rx1,12,B,3.75,-1.25,1,0.183864254544861,0.574074074074074,0.574074074074074,15,6,9,6,0
geometric_class,B,a_FP_LHCP_rx1,13,B,4.5,-1.25,0,0.0197099774910406,0.54,0.54,15,5,10,5,0
geometric_class,B,a_FP_LHCP_rx1,14,B,5.25,-1.25,0,0.0748005757895936,0.416666666666667,0.583333333333333,15,3,12,3,1
geometric_class,B,a_FP_LHCP_rx1,15,B,0.75,-0.75,1,0.205353386430477,NaN,NaN,15,15,0,0,1
geometric_class,B,a_FP_LHCP_rx1,16,B,1.5,-0.75,1,0.341594220488263,NaN,NaN,15,15,0,0,1
geometric_class,B,a_FP_LHCP_rx1,17,B,2.25,-0.75,1,0.242863159018967,0.638888888888889,0.638888888888889,15,12,3,3,1
geometric_class,B,a_FP_LHCP_rx1,18,B,3,-0.75,0,0.225041565147198,0.666666666666667,0.666666666666667,15,9,6,6,0
geometric_class,B,a_FP_LHCP_rx1,19,B,3.75,-0.75,0,0.0602121226334828,0.46,0.54,15,5,10,5,0
geometric_class,B,a_FP_LHCP_rx1,20,B,4.5,-0.75,0,0.0751683528243467,0.416666666666667,0.583333333333333,15,3,12,3,1
geometric_class,B,a_FP_LHCP_rx1,21,B,5.25,-0.75,0,0.100261224845175,0.576923076923077,0.576923076923077,15,2,13,2,1
geometric_class,B,a_FP_LHCP_rx1,22,B,0.75,-0.25,1,0.28705841920578,NaN,NaN,15,15,0,0,1
geometric_class,B,a_FP_LHCP_rx1,23,B,1.5,-0.25,1,0.34718106378997,NaN,NaN,15,15,0,0,1
geometric_class,B,a_FP_LHCP_rx1,24,B,2.25,-0.25,1,0.254699626586838,0.75,0.75,15,11,4,4,1
geometric_class,B,a_FP_LHCP_rx1,25,B,3,-0.25,0,0.131752565443043,0.803571428571429,0.803571428571429,15,7,8,7,0
geometric_class,B,a_FP_LHCP_rx1,26,B,3.75,-0.25,0,0.114491064960275,0.807692307692308,0.807692307692308,15,2,13,2,1
geometric_class,B,a_FP_LHCP_rx1,27,B,4.5,-0.25,0,0.105076683274994,1,1,15,1,14,1,1
geometric_class,B,a_FP_LHCP_rx1,28,B,5.25,-0.25,0,0.128994061839278,NaN,NaN,15,0,15,0,1
geometric_class,B,a_FP_LHCP_rx1,29,B,0.75,0.25,1,0.229654239626829,NaN,NaN,15,15,0,0,1
geometric_class,B,a_FP_LHCP_rx1,30,B,1.5,0.25,1,0.347944119402695,NaN,NaN,15,15,0,0,1
geometric_class,B,a_FP_LHCP_rx1,31,B,2.25,0.25,1,0.242966482585243,0.681818181818182,0.681818181818182,15,11,4,4,1
geometric_class,B,a_FP_LHCP_rx1,32,B,3,0.25,0,0.175688511911301,0.767857142857143,0.767857142857143,15,7,8,7,0
geometric_class,B,a_FP_LHCP_rx1,33,B,3.75,0.25,0,0.11974746909661,0.846153846153846,0.846153846153846,15,2,13,2,1
geometric_class,B,a_FP_LHCP_rx1,34,B,4.5,0.25,0,0.115027820810366,1,1,15,1,14,1,1
geometric_class,B,a_FP_LHCP_rx1,35,B,5.25,0.25,0,0.164243013963661,0.928571428571428,0.928571428571428,15,1,14,1,1
geometric_class,B,a_FP_LHCP_rx1,36,B,0.75,0.75,1,0.227468798031317,NaN,NaN,15,15,0,0,1
geometric_class,B,a_FP_LHCP_rx1,37,B,1.5,0.75,1,0.283554018433699,NaN,NaN,15,15,0,0,1
geometric_class,B,a_FP_LHCP_rx1,38,B,2.25,0.75,1,0.171974989978139,0.583333333333333,0.583333333333333,15,12,3,3,1
geometric_class,B,a_FP_LHCP_rx1,39,B,3,0.75,0,0.198584342266901,0.611111111111111,0.611111111111111,15,9,6,6,0
geometric_class,B,a_FP_LHCP_rx1,40,B,3.75,0.75,0,0.0561778243763438,0.66,0.66,15,5,10,5,0
geometric_class,B,a_FP_LHCP_rx1,41,B,4.5,0.75,0,0.0829938389790611,0.795454545454546,0.795454545454546,15,4,11,4,1
geometric_class,B,a_FP_LHCP_rx1,42,B,5.25,0.75,0,0.106347316270742,0.972222222222222,0.972222222222222,15,3,12,3,1
geometric_class,B,a_FP_LHCP_rx1,43,B,0.75,1.25,1,0.269075478459659,NaN,NaN,15,15,0,0,1
geometric_class,B,a_FP_LHCP_rx1,44,B,1.5,1.25,1,0.124387435219987,0.642857142857143,0.642857142857143,15,14,1,1,1
geometric_class,B,a_FP_LHCP_rx1,45,B,2.25,1.25,1,0.0838113016960008,0.538461538461538,0.538461538461538,15,13,2,2,1
geometric_class,B,a_FP_LHCP_rx1,46,B,3,1.25,1,0.140827567141875,0.611111111111111,0.611111111111111,15,9,6,6,0
geometric_class,B,a_FP_LHCP_rx1,47,B,3.75,1.25,1,0.200405565744121,0.666666666666667,0.666666666666667,15,6,9,6,0
geometric_class,B,a_FP_LHCP_rx1,48,B,4.5,1.25,0,0.0399945099567416,0.78,0.78,15,5,10,5,0
geometric_class,B,a_FP_LHCP_rx1,49,B,5.25,1.25,0,0.0596215057014782,0.795454545454546,0.795454545454546,15,4,11,4,1
geometric_class,B,a_FP_LHCP_rx1,50,B,0.75,1.75,1,0.313287454410196,NaN,NaN,15,15,0,0,1
geometric_class,B,a_FP_LHCP_rx1,51,B,1.5,1.75,1,0.236720751109402,0.571428571428571,0.571428571428571,15,14,1,1,1
geometric_class,B,a_FP_LHCP_rx1,52,B,2.25,1.75,1,0.175462632506741,0.5,0.5,15,14,1,1,1
geometric_class,B,a_FP_LHCP_rx1,53,B,3,1.75,1,0.0973480498167597,0.681818181818182,0.681818181818182,15,11,4,4,1
geometric_class,B,a_FP_LHCP_rx1,54,B,3.75,1.75,1,0.0707750839106431,0.714285714285714,0.714285714285714,15,8,7,7,0
geometric_class,B,a_FP_LHCP_rx1,55,B,4.5,1.75,1,0.220163426603674,0.722222222222222,0.722222222222222,15,6,9,6,0
geometric_class,B,a_FP_LHCP_rx1,56,B,5.25,1.75,1,0.135769079632693,0.72,0.72,15,5,10,5,0
geometric_class,B,a_FP_RHCP_rx2,1,B,0.75,-1.75,1,0.360469748602743,NaN,NaN,15,15,0,0,1
geometric_class,B,a_FP_RHCP_rx2,2,B,1.5,-1.75,1,0.289205400924424,0,1,15,14,1,1,1
geometric_class,B,a_FP_RHCP_rx2,3,B,2.25,-1.75,1,0.393903327536546,0,1,15,14,1,1,1
geometric_class,B,a_FP_RHCP_rx2,4,B,3,-1.75,1,0.407568030438079,0.659090909090909,0.659090909090909,15,11,4,4,1
geometric_class,B,a_FP_RHCP_rx2,5,B,3.75,-1.75,1,0.259804886101057,0.517857142857143,0.517857142857143,15,7,8,7,0
geometric_class,B,a_FP_RHCP_rx2,6,B,4.5,-1.75,1,0.342947339628986,0.54,0.54,15,5,10,5,0
geometric_class,B,a_FP_RHCP_rx2,7,B,5.25,-1.75,0,0.365608043985741,0.613636363636364,0.613636363636364,15,4,11,4,1
geometric_class,B,a_FP_RHCP_rx2,8,B,0.75,-1.25,1,0.287627545903632,NaN,NaN,15,15,0,0,1
geometric_class,B,a_FP_RHCP_rx2,9,B,1.5,-1.25,1,0.317922002133932,NaN,NaN,15,15,0,0,1
geometric_class,B,a_FP_RHCP_rx2,10,B,2.25,-1.25,1,0.344664829484547,0.307692307692308,0.692307692307692,15,13,2,2,1
geometric_class,B,a_FP_RHCP_rx2,11,B,3,-1.25,1,0.308009264553804,0.611111111111111,0.611111111111111,15,9,6,6,0
geometric_class,B,a_FP_RHCP_rx2,12,B,3.75,-1.25,1,0.382409941292719,0.5,0.5,15,6,9,6,0
geometric_class,B,a_FP_RHCP_rx2,13,B,4.5,-1.25,0,0.217150772381158,0.62,0.62,15,5,10,5,0
geometric_class,B,a_FP_RHCP_rx2,14,B,5.25,-1.25,0,0.420462969179573,0.555555555555556,0.555555555555556,15,3,12,3,1
geometric_class,B,a_FP_RHCP_rx2,15,B,0.75,-0.75,1,0.294652758116336,NaN,NaN,15,15,0,0,1
geometric_class,B,a_FP_RHCP_rx2,16,B,1.5,-0.75,1,0.409627370082148,NaN,NaN,15,15,0,0,1
geometric_class,B,a_FP_RHCP_rx2,17,B,2.25,-0.75,1,0.392022238724352,0.527777777777778,0.527777777777778,15,12,3,3,1
geometric_class,B,a_FP_RHCP_rx2,18,B,3,-0.75,0,0.444701616080999,0.444444444444444,0.555555555555556,15,9,6,6,0
geometric_class,B,a_FP_RHCP_rx2,19,B,3.75,-0.75,0,0.24887021833512,0.6,0.6,15,5,10,5,0
geometric_class,B,a_FP_RHCP_rx2,20,B,4.5,-0.75,0,0.264265760933308,0.472222222222222,0.527777777777778,15,3,12,3,1
geometric_class,B,a_FP_RHCP_rx2,21,B,5.25,-0.75,0,0.282366441438311,0.730769230769231,0.730769230769231,15,2,13,2,1
geometric_class,B,a_FP_RHCP_rx2,22,B,0.75,-0.25,1,0.327600137146172,NaN,NaN,15,15,0,0,1
geometric_class,B,a_FP_RHCP_rx2,23,B,1.5,-0.25,1,0.381582418426363,NaN,NaN,15,15,0,0,1
geometric_class,B,a_FP_RHCP_rx2,24,B,2.25,-0.25,1,0.322603222413457,0.454545454545455,0.545454545454545,15,11,4,4,1
geometric_class,B,a_FP_RHCP_rx2,25,B,3,-0.25,0,0.321329237725806,0.464285714285714,0.535714285714286,15,7,8,7,0
geometric_class,B,a_FP_RHCP_rx2,26,B,3.75,-0.25,0,0.402092573805661,0.653846153846154,0.653846153846154,15,2,13,2,1
geometric_class,B,a_FP_RHCP_rx2,27,B,4.5,-0.25,0,0.285509240761734,0.785714285714286,0.785714285714286,15,1,14,1,1
geometric_class,B,a_FP_RHCP_rx2,28,B,5.25,-0.25,0,0.345805801062266,NaN,NaN,15,0,15,0,1
geometric_class,B,a_FP_RHCP_rx2,29,B,0.75,0.25,1,0.321158534447715,NaN,NaN,15,15,0,0,1
geometric_class,B,a_FP_RHCP_rx2,30,B,1.5,0.25,1,0.370994709898763,NaN,NaN,15,15,0,0,1
geometric_class,B,a_FP_RHCP_rx2,31,B,2.25,0.25,1,0.31032410626466,0.363636363636364,0.636363636363636,15,11,4,4,1
geometric_class,B,a_FP_RHCP_rx2,32,B,3,0.25,0,0.291546495703209,0.321428571428571,0.678571428571429,15,7,8,7,0
geometric_class,B,a_FP_RHCP_rx2,33,B,3.75,0.25,0,0.419902457229667,0.269230769230769,0.730769230769231,15,2,13,2,1
geometric_class,B,a_FP_RHCP_rx2,34,B,4.5,0.25,0,0.282691882289536,0.285714285714286,0.714285714285714,15,1,14,1,1
geometric_class,B,a_FP_RHCP_rx2,35,B,5.25,0.25,0,0.34335532041642,0.357142857142857,0.642857142857143,15,1,14,1,1
geometric_class,B,a_FP_RHCP_rx2,36,B,0.75,0.75,1,0.414435384478384,NaN,NaN,15,15,0,0,1
geometric_class,B,a_FP_RHCP_rx2,37,B,1.5,0.75,1,0.356896437473539,NaN,NaN,15,15,0,0,1
geometric_class,B,a_FP_RHCP_rx2,38,B,2.25,0.75,1,0.376249681853353,0.305555555555556,0.694444444444444,15,12,3,3,1
geometric_class,B,a_FP_RHCP_rx2,39,B,3,0.75,0,0.405315578537845,0.203703703703704,0.796296296296296,15,9,6,6,0
geometric_class,B,a_FP_RHCP_rx2,40,B,3.75,0.75,0,0.223516871879921,0.36,0.64,15,5,10,5,0
geometric_class,B,a_FP_RHCP_rx2,41,B,4.5,0.75,0,0.211744341657656,0.5,0.5,15,4,11,4,1
geometric_class,B,a_FP_RHCP_rx2,42,B,5.25,0.75,0,0.251716125721256,0.555555555555556,0.555555555555556,15,3,12,3,1
geometric_class,B,a_FP_RHCP_rx2,43,B,0.75,1.25,1,0.354919505261276,NaN,NaN,15,15,0,0,1
geometric_class,B,a_FP_RHCP_rx2,44,B,1.5,1.25,1,0.159108998591189,0.0714285714285714,0.928571428571429,15,14,1,1,1
geometric_class,B,a_FP_RHCP_rx2,45,B,2.25,1.25,1,0.219455698218455,0.230769230769231,0.769230769230769,15,13,2,2,1
geometric_class,B,a_FP_RHCP_rx2,46,B,3,1.25,1,0.257540211907298,0.296296296296296,0.703703703703704,15,9,6,6,0
geometric_class,B,a_FP_RHCP_rx2,47,B,3.75,1.25,1,0.248404995686619,0.444444444444444,0.555555555555556,15,6,9,6,0
geometric_class,B,a_FP_RHCP_rx2,48,B,4.5,1.25,0,0.0938140953733848,0.52,0.52,15,5,10,5,0
geometric_class,B,a_FP_RHCP_rx2,49,B,5.25,1.25,0,0.207508699657263,0.522727272727273,0.522727272727273,15,4,11,4,1
geometric_class,B,a_FP_RHCP_rx2,50,B,0.75,1.75,1,0.286693824708681,NaN,NaN,15,15,0,0,1
geometric_class,B,a_FP_RHCP_rx2,51,B,1.5,1.75,1,0.122009816920519,0.0714285714285714,0.928571428571429,15,14,1,1,1
geometric_class,B,a_FP_RHCP_rx2,52,B,2.25,1.75,1,0.0841121066608804,0,1,15,14,1,1,1
geometric_class,B,a_FP_RHCP_rx2,53,B,3,1.75,1,0.219253933224328,0.431818181818182,0.568181818181818,15,11,4,4,1
geometric_class,B,a_FP_RHCP_rx2,54,B,3.75,1.75,1,0.248728384698669,0.482142857142857,0.517857142857143,15,8,7,7,0
geometric_class,B,a_FP_RHCP_rx2,55,B,4.5,1.75,1,0.390723972739401,0.518518518518519,0.518518518518519,15,6,9,6,0
geometric_class,B,a_FP_RHCP_rx2,56,B,5.25,1.75,1,0.253929411047466,0.5,0.5,15,5,10,5,0
geometric_class,B,a_FP_LHCP_rx2,1,B,0.75,-1.75,1,0.311432236067077,NaN,NaN,15,15,0,0,1
geometric_class,B,a_FP_LHCP_rx2,2,B,1.5,-1.75,1,0.213779287685853,0.714285714285714,0.714285714285714,15,14,1,1,1
geometric_class,B,a_FP_LHCP_rx2,3,B,2.25,-1.75,1,0.127797485413966,0.642857142857143,0.642857142857143,15,14,1,1,1
geometric_class,B,a_FP_LHCP_rx2,4,B,3,-1.75,1,0.18361704272494,0.636363636363636,0.636363636363636,15,11,4,4,1
geometric_class,B,a_FP_LHCP_rx2,5,B,3.75,-1.75,1,0.111857716448311,0.660714285714286,0.660714285714286,15,7,8,7,0
geometric_class,B,a_FP_LHCP_rx2,6,B,4.5,-1.75,1,0.0704636486060411,0.78,0.78,15,5,10,5,0
geometric_class,B,a_FP_LHCP_rx2,7,B,5.25,-1.75,0,0.217493876556104,0.727272727272727,0.727272727272727,15,4,11,4,1
geometric_class,B,a_FP_LHCP_rx2,8,B,0.75,-1.25,1,0.266130636902166,NaN,NaN,15,15,0,0,1
geometric_class,B,a_FP_LHCP_rx2,9,B,1.5,-1.25,1,0.217786160422748,NaN,NaN,15,15,0,0,1
geometric_class,B,a_FP_LHCP_rx2,10,B,2.25,-1.25,1,0.0711058657163312,0.384615384615385,0.615384615384615,15,13,2,2,1
geometric_class,B,a_FP_LHCP_rx2,11,B,3,-1.25,1,0.107253278127376,0.62962962962963,0.62962962962963,15,9,6,6,0
geometric_class,B,a_FP_LHCP_rx2,12,B,3.75,-1.25,1,0.0634374451364658,0.722222222222222,0.722222222222222,15,6,9,6,0
geometric_class,B,a_FP_LHCP_rx2,13,B,4.5,-1.25,0,0.00428737540841256,0.76,0.76,15,5,10,5,0
geometric_class,B,a_FP_LHCP_rx2,14,B,5.25,-1.25,0,0.0371050232720352,0.694444444444444,0.694444444444444,15,3,12,3,1
geometric_class,B,a_FP_LHCP_rx2,15,B,0.75,-0.75,1,0.24422214901471,NaN,NaN,15,15,0,0,1
geometric_class,B,a_FP_LHCP_rx2,16,B,1.5,-0.75,1,0.0690519511813393,NaN,NaN,15,15,0,0,1
geometric_class,B,a_FP_LHCP_rx2,17,B,2.25,-0.75,1,0.105391111139134,0.472222222222222,0.527777777777778,15,12,3,3,1
geometric_class,B,a_FP_LHCP_rx2,18,B,3,-0.75,0,0.111507253576831,0.611111111111111,0.611111111111111,15,9,6,6,0
geometric_class,B,a_FP_LHCP_rx2,19,B,3.75,-0.75,0,0.0488221310054283,0.6,0.6,15,5,10,5,0
geometric_class,B,a_FP_LHCP_rx2,20,B,4.5,-0.75,0,0.036213725609557,0.666666666666667,0.666666666666667,15,3,12,3,1
geometric_class,B,a_FP_LHCP_rx2,21,B,5.25,-0.75,0,0.0542168238813563,0.653846153846154,0.653846153846154,15,2,13,2,1
geometric_class,B,a_FP_LHCP_rx2,22,B,0.75,-0.25,1,0.16547611200984,NaN,NaN,15,15,0,0,1
geometric_class,B,a_FP_LHCP_rx2,23,B,1.5,-0.25,1,0.293986626066207,NaN,NaN,15,15,0,0,1
geometric_class,B,a_FP_LHCP_rx2,24,B,2.25,-0.25,1,0.197257075001534,0.545454545454545,0.545454545454545,15,11,4,4,1
geometric_class,B,a_FP_LHCP_rx2,25,B,3,-0.25,0,0.225120034244462,0.625,0.625,15,7,8,7,0
geometric_class,B,a_FP_LHCP_rx2,26,B,3.75,-0.25,0,0.0669346590237122,0.5,0.5,15,2,13,2,1
geometric_class,B,a_FP_LHCP_rx2,27,B,4.5,-0.25,0,0.0940960547568524,0.642857142857143,0.642857142857143,15,1,14,1,1
geometric_class,B,a_FP_LHCP_rx2,28,B,5.25,-0.25,0,0.0535418470093357,NaN,NaN,15,0,15,0,1
geometric_class,B,a_FP_LHCP_rx2,29,B,0.75,0.25,1,0.277286692869878,NaN,NaN,15,15,0,0,1
geometric_class,B,a_FP_LHCP_rx2,30,B,1.5,0.25,1,0.334763356192848,NaN,NaN,15,15,0,0,1
geometric_class,B,a_FP_LHCP_rx2,31,B,2.25,0.25,1,0.212410519007562,0.613636363636364,0.613636363636364,15,11,4,4,1
geometric_class,B,a_FP_LHCP_rx2,32,B,3,0.25,0,0.140313206622492,0.660714285714286,0.660714285714286,15,7,8,7,0
geometric_class,B,a_FP_LHCP_rx2,33,B,3.75,0.25,0,0.0638414139804751,0.423076923076923,0.576923076923077,15,2,13,2,1
geometric_class,B,a_FP_LHCP_rx2,34,B,4.5,0.25,0,0.145435415304258,0.357142857142857,0.642857142857143,15,1,14,1,1
geometric_class,B,a_FP_LHCP_rx2,35,B,5.25,0.25,0,0.0785907267458981,0.428571428571429,0.571428571428571,15,1,14,1,1
geometric_class,B,a_FP_LHCP_rx2,36,B,0.75,0.75,1,0.424810117579012,NaN,NaN,15,15,0,0,1
geometric_class,B,a_FP_LHCP_rx2,37,B,1.5,0.75,1,0.271129567989977,NaN,NaN,15,15,0,0,1
geometric_class,B,a_FP_LHCP_rx2,38,B,2.25,0.75,1,0.215742494905161,0.583333333333333,0.583333333333333,15,12,3,3,1
geometric_class,B,a_FP_LHCP_rx2,39,B,3,0.75,0,0.150184476745376,0.444444444444444,0.555555555555556,15,9,6,6,0
geometric_class,B,a_FP_LHCP_rx2,40,B,3.75,0.75,0,0.0496806859619725,0.34,0.66,15,5,10,5,0
geometric_class,B,a_FP_LHCP_rx2,41,B,4.5,0.75,0,0.0198005616686072,0.454545454545455,0.545454545454545,15,4,11,4,1
geometric_class,B,a_FP_LHCP_rx2,42,B,5.25,0.75,0,0.0609708799526204,0.5,0.5,15,3,12,3,1
geometric_class,B,a_FP_LHCP_rx2,43,B,0.75,1.25,1,0.351571672843728,NaN,NaN,15,15,0,0,1
geometric_class,B,a_FP_LHCP_rx2,44,B,1.5,1.25,1,0.171722359156348,0.857142857142857,0.857142857142857,15,14,1,1,1
geometric_class,B,a_FP_LHCP_rx2,45,B,2.25,1.25,1,0.151173733395314,0.692307692307692,0.692307692307692,15,13,2,2,1
geometric_class,B,a_FP_LHCP_rx2,46,B,3,1.25,1,0.0854215663319223,0.518518518518518,0.518518518518518,15,9,6,6,0
geometric_class,B,a_FP_LHCP_rx2,47,B,3.75,1.25,1,0.0495344506209514,0.574074074074074,0.574074074074074,15,6,9,6,0
geometric_class,B,a_FP_LHCP_rx2,48,B,4.5,1.25,0,0.00515276903765665,0.48,0.52,15,5,10,5,0
geometric_class,B,a_FP_LHCP_rx2,49,B,5.25,1.25,0,0.025600006339778,0.477272727272727,0.522727272727273,15,4,11,4,1
geometric_class,B,a_FP_LHCP_rx2,50,B,0.75,1.75,1,0.23084804962331,NaN,NaN,15,15,0,0,1
geometric_class,B,a_FP_LHCP_rx2,51,B,1.5,1.75,1,0.153799359179408,0.785714285714286,0.785714285714286,15,14,1,1,1
geometric_class,B,a_FP_LHCP_rx2,52,B,2.25,1.75,1,0.0385475411945588,0.642857142857143,0.642857142857143,15,14,1,1,1
geometric_class,B,a_FP_LHCP_rx2,53,B,3,1.75,1,0.0347298302025358,0.659090909090909,0.659090909090909,15,11,4,4,1
geometric_class,B,a_FP_LHCP_rx2,54,B,3.75,1.75,1,0.0550433377956606,0.607142857142857,0.607142857142857,15,8,7,7,0
geometric_class,B,a_FP_LHCP_rx2,55,B,4.5,1.75,1,0.0769565308958647,0.5,0.5,15,6,9,6,0
geometric_class,B,a_FP_LHCP_rx2,56,B,5.25,1.75,1,0.0506734281775527,0.44,0.56,15,5,10,5,0
